"Niveau","Nom_Match","...2","NOM","POSTE","TEMPS DE JEU","M/MIN","TOTAL DISTANCE","VMAX KM/H","15-20(M)","20-25(M)","25-30(M)",">30(M)","NB SPRINT > 25","ACC","DEC"
"Pros","J1 - Orléans",1,"Jordan MARIE","MIL DEF",95,130,12349,30,1151,444,102,8,5,65,45
"Pros","J1 - Orléans",2,"Adel LEMBEZAT","MIL OFF",92,127,11655,30,799,602,196,0,9,99,53
"Pros","J1 - Orléans",3,"Julien DOMINGUES","ATT",95,123,11653,30,777,577,203,3,10,104,53
"Pros","J1 - Orléans",4,"Zoran MOCO","DEF LAT",95,121,11497,33,599,502,248,75,15,73,39
"Pros","J1 - Orléans",5,"Elydjah MENDY","DEF AXE",95,117,11128,29,569,456,163,0,10,75,51
"Pros","J1 - Orléans",6,"Ismail DIALLO","DEF LAT",95,110,10442,35,562,519,225,88,13,118,46
"Pros","J1 - Orléans",7,"Hugo VARGAS RIOS","MIL REL",78,133,10368,28,480,412,50,0,3,35,27
"Pros","J1 - Orléans",8,"Quentin BERNARD","DEF AXE",95,108,10218,29,439,302,111,0,7,24,21
"Pros","J1 - Orléans",9,"Brandon NDEZI","MIL REL",66,128,8428,27,449,364,92,0,6,43,27
"Pros","J1 - Orléans",10,"Yanis BARKA","ATT",66,115,7601,27,509,295,29,0,3,75,24
"Pros","J1 - Orléans",11,"Ben Chayeel HAMADA","MIL REL",29,151,4390,30,475,317,128,0,5,23,22
"Pros","J1 - Orléans",12,"Alexis NTAMACK","MIL REL",29,126,3656,29,169,158,65,0,3,32,14
"Pros","J1 - Orléans",13,"Paul BELLON","MIL DEF",17,158,2680,25,128,53,11,0,0,10,8
"Pros","J1 - Orléans",14,"Abdoul DIABY","DEF AXE",3,318,953,25,49,14,0,0,0,2,1
"Pros","J1 - Orléans",15,"Florian Rombogouera","ATT",0,0,0,0,0,0,0,0,0,0,0
"Pros","J1 - Orléans",16,"Delecroix Paul","GB",95,NA,NA,NA,NA,NA,NA,NA,NA,NA,NA
"Pros","J2 - ROUEN",1,"Jordan MARIE","MIL DEF",98,124,12172,27,1265,389,23,0,2,68,35
"Pros","J2 - ROUEN",2,"Julien DOMINGUES","ATT",98,115,11301,29,753,594,149,0,9,96,36
"Pros","J2 - ROUEN",3,"Brandon NDEZI","MIL REL",98,114,11198,29,758,419,140,0,7,93,43
"Pros","J2 - ROUEN",4,"Zoran MOCO","DEF LAT",98,113,11081,34,626,534,280,94,18,91,51
"Pros","J2 - ROUEN",5,"Abdoul DIABY","DEF AXE",98,108,10591,31,424,390,160,10,10,76,30
"Pros","J2 - ROUEN",6,"Adel LEMBEZAT","MIL OFF",84,122,10265,30,795,512,112,7,5,61,44
"Pros","J2 - ROUEN",7,"Ismail DIALLO","DEF LAT",98,103,10132,35,454,477,245,92,14,120,51
"Pros","J2 - ROUEN",8,"Quentin BERNARD","DEF AXE",98,101,9893,29,307,233,26,0,1,24,13
"Pros","J2 - ROUEN",9,"Hugo VARGAS RIOS","MIL REL",74,126,9329,31,395,284,58,17,3,58,28
"Pros","J2 - ROUEN",10,"Yanis BARKA","ATT",74,107,7899,29,426,307,60,0,3,71,26
"Pros","J2 - ROUEN",11,"Paul BELLON","MIL DEF",24,150,3604,22,135,44,0,0,0,8,12
"Pros","J2 - ROUEN",12,"Alexis NTAMACK","ATT",24,135,3238,25,197,112,2,0,0,18,13
"Pros","J2 - ROUEN",13,"Julio TAVARES","ATT",14,139,1950,22,71,49,0,0,0,14,4
"Pros","J2 - ROUEN",14,"Waly DIOUF","DEF AXE",0,NA,0,0,0,0,0,0,0,0,0
"Pros","J2 - ROUEN",15,"Loris DUPONT","MIL DEF",0,NA,0,0,0,0,0,0,0,0,0
"Pros","J2 - ROUEN",16,"Delecroix Paul","GB",98,NA,NA,NA,NA,NA,NA,NA,NA,NA,NA
"Pros","J3 - Stade Briochin",1,"Hugo VARGAS RIOS","MIL REL",93,138,12809,28,724,565,74,0,5,59,52
"Pros","J3 - Stade Briochin",2,"Jordan MARIE","MIL DEF",93,133,12378,30,1312,429,99,0,5,71,34
"Pros","J3 - Stade Briochin",3,"Adel LEMBEZAT","MIL OFF",78,141,11035,30,1006,770,219,0,14,104,61
"Pros","J3 - Stade Briochin",4,"Zoran MOCO","DEF LAT",93,117,10859,34,536,359,192,56,12,86,45
"Pros","J3 - Stade Briochin",5,"Abdoul DIABY","DEF AXE",93,113,10485,32,386,318,134,72,8,47,45
"Pros","J3 - Stade Briochin",6,"Ismail DIALLO","DEF LAT",93,109,10176,34,390,442,382,121,21,100,40
"Pros","J3 - Stade Briochin",7,"Julien DOMINGUES","ATT",78,126,9835,33,647,519,133,36,9,76,44
"Pros","J3 - Stade Briochin",8,"Brandon NDEZI","MIL REL",68,125,8519,31,510,476,113,9,5,83,37
"Pros","J3 - Stade Briochin",9,"Alexis NTAMACK","ATT",68,118,8037,33,535,431,126,27,7,56,50
"Pros","J3 - Stade Briochin",10,"Quentin BERNARD","DEF AXE",54,86,4627,27,107,83,20,0,1,10,4
"Pros","J3 - Stade Briochin",11,"Paul BELLON","MIL DEF",25,155,3866,26,235,114,6,0,0,27,16
"Pros","J3 - Stade Briochin",12,"Yanis BARKA","ATT",25,139,3485,26,206,175,28,0,2,20,16
"Pros","J3 - Stade Briochin",13,"Fady KHATIR","DEF LAT",15,168,2517,30,129,157,77,0,4,19,6
"Pros","J3 - Stade Briochin",14,"Julio TAVARES","ATT",15,147,2209,29,101,93,40,0,2,31,8
"Pros","J3 - Stade Briochin",15,"Waly DIOUF","DEF AXE",0,NA,0,0,0,0,0,0,0,0,0
"Pros","J3 - Stade Briochin",16,"Paul Delecroix","GB",93,NA,NA,NA,NA,NA,NA,NA,NA,NA,NA
"Pros","J4 - Paris 13",1,"Paul BELLON","MIL DEF",97,128,12438,27,675,285,25,0,2,44,37
"Pros","J4 - Paris 13",2,"Julien DOMINGUES","ATT",97,123,11966,31,976,939,206,23,8,92,32
"Pros","J4 - Paris 13",3,"Zoran MOCO","DEF LAT",97,115,11125,33,549,477,296,84,14,114,31
"Pros","J4 - Paris 13",4,"Abdoul DIABY","DEF AXE",97,109,10541,26,409,270,44,0,3,60,21
"Pros","J4 - Paris 13",5,"Waly DIOUF","DEF AXE",97,108,10451,26,486,293,11,0,1,48,16
"Pros","J4 - Paris 13",6,"Jordan MARIE","MIL DEF",73,131,9561,29,944,361,72,0,3,47,26
"Pros","J4 - Paris 13",7,"Adel LEMBEZAT","MIL OFF",65,139,9035,32,829,618,201,18,11,77,48
"Pros","J4 - Paris 13",8,"Ismail DIALLO","DEF LAT",83,109,9016,35,290,315,183,59,11,98,30
"Pros","J4 - Paris 13",9,"Brandon NDEZI","MIL REL",65,122,7944,30,554,422,142,7,9,45,24
"Pros","J4 - Paris 13",10,"Yanis BARKA","ATT",65,118,7662,29,561,408,134,0,9,82,27
"Pros","J4 - Paris 13",11,"Samy CHOUCHANE","MIL REL",32,149,4783,27,344,240,31,0,3,27,15
"Pros","J4 - Paris 13",12,"Hugo VARGAS RIOS","MIL REL",32,143,4569,29,175,122,50,0,3,16,11
"Pros","J4 - Paris 13",13,"Alexis NTAMACK","ATT",32,126,4030,33,256,227,78,42,6,61,21
"Pros","J4 - Paris 13",14,"Mickaël BARRETO","MIL OFF",24,156,3755,27,281,193,23,0,1,13,11
"Pros","J4 - Paris 13",15,"Fady KHATIR","DEF LAT",14,138,1937,25,95,70,2,0,0,8,2
"Pros","J4 - Paris 13",16,"Delecroix Paul","GB",97,NA,NA,NA,NA,NA,NA,NA,NA,NA,NA
"Pros","J5 - Caen",1,"Jordan MARIE","MIL REL",96,128,12259,29,1153,861,269,0,12,65,33
"Pros","J5 - Caen",2,"Paul BELLON","MIL DEF",96,123,11848,27,770,454,94,0,4,45,30
"Pros","J5 - Caen",3,"Quentin BERNARD","DEF AXE",96,106,10212,29,311,214,57,0,2,12,12
"Pros","J5 - Caen",4,"Waly DIOUF","DEF AXE",96,106,10164,28,445,351,65,0,5,34,18
"Pros","J5 - Caen",5,"Ismail DIALLO","DEF LAT",96,103,9904,36,471,567,280,128,17,104,39
"Pros","J5 - Caen",6,"Zoran MOCO","DEF LAT",84,116,9772,34,575,438,344,55,18,33,17
"Pros","J5 - Caen",7,"Julien DOMINGUES","ATT",84,114,9598,31,559,559,285,41,17,85,26
"Pros","J5 - Caen",8,"Adel LEMBEZAT","MIL OFF",69,138,9525,32,765,610,195,51,10,51,29
"Pros","J5 - Caen",9,"Brandon NDEZI","MIL REL",69,129,8878,32,721,492,127,23,8,65,24
"Pros","J5 - Caen",10,"Yanis BARKA","ATT",69,116,8015,29,503,341,211,0,11,59,26
"Pros","J5 - Caen",11,"Samy CHOUCHANE","MIL REL",27,141,3812,28,310,219,38,0,2,21,6
"Pros","J5 - Caen",12,"Hugo VARGAS RIOS","MIL REL",27,131,3544,27,166,141,50,0,4,6,9
"Pros","J5 - Caen",13,"Alexis NTAMACK","ATT",27,121,3270,30,171,176,63,3,2,26,9
"Pros","J5 - Caen",14,"Abdoul DIABY","DEF AXE",12,157,1879,27,136,87,9,0,1,8,5
"Pros","J5 - Caen",15,"Julio TAVARES","ATT",12,155,1866,28,89,99,48,0,3,22,6
"Pros","J5 - Caen",16,"Delecroix Paul","GB",96,NA,NA,NA,NA,NA,NA,NA,NA,NA,NA
"Pros","J6 - Villefranche",1,"Hugo VARGAS RIOS","MIL REL",100,123,12349,31,615,472,79,11,4,70,31
"Pros","J6 - Villefranche",2,"Cesar OBONGO","DEF LAT",100,108,10791,32,752,589,229,17,14,113,35
"Pros","J6 - Villefranche",3,"Fady KHATIR","DEF LAT",100,105,10493,28,624,487,188,0,10,118,30
"Pros","J6 - Villefranche",4,"Waly DIOUF","DEF AXE",100,103,10295,28,490,438,94,0,6,26,21
"Pros","J6 - Villefranche",5,"Quentin BERNARD","DEF AXE",100,100,9961,29,250,258,112,0,4,23,14
"Pros","J6 - Villefranche",6,"Julio TAVARES","ATT",89,108,9634,31,682,526,196,14,11,106,24
"Pros","J6 - Villefranche",7,"Mickaël BARRETO","MIL OFF",71,124,8810,28,654,378,85,0,3,48,28
"Pros","J6 - Villefranche",8,"Brandon NDEZI","MIL REL",77,113,8686,31,523,372,116,22,6,68,33
"Pros","J6 - Villefranche",9,"Samy CHOUCHANE","MIL REL",67,126,8412,27,702,482,39,0,3,70,24
"Pros","J6 - Villefranche",10,"Yanis BARKA","ATT",29,132,3815,26,311,183,7,0,0,12,11
"Pros","J6 - Villefranche",11,"Julien DOMINGUES","ATT",29,128,3707,29,297,254,86,0,3,43,12
"Pros","J6 - Villefranche",12,"Paul BELLON","MIL DEF",33,106,3510,29,211,122,20,0,1,12,14
"Pros","J6 - Villefranche",13,"Alexis NTAMACK","ATT",71,124,8810,31,682,526,196,14,11,106,24
"Pros","J6 - Villefranche",14,"Florian Rombogouera","ATT",11,182,2001,27,165,152,33,0,3,17,9
"Pros","J6 - Villefranche",15,"Lenny LACROIX","DEF AXE",0,NA,0,0,0,0,0,0,0,0,0
"Pros","J6 - Villefranche",16,"Delecroix Paul","GB",100,NA,NA,NA,NA,NA,NA,NA,NA,NA,NA
"Pros","J8 - Concarneau",1,"Adel LEMBEZAT","MIL OFF",96,130,12511,31,1049,688,206,31,11,92,50
"Pros","J8 - Concarneau",2,"Jordan MARIE","MIL DEF",96,125,12031,29,1149,367,106,0,6,38,25
"Pros","J8 - Concarneau",3,"Samy CHOUCHANE","MIL REL",88,127,11218,29,715,456,86,0,5,80,43
"Pros","J8 - Concarneau",4,"Waly DIOUF","DEF AXE",96,108,10372,28,288,268,98,0,5,48,19
"Pros","J8 - Concarneau",5,"Fady KHATIR","DEF LAT",96,107,10268,31,483,358,123,42,8,87,30
"Pros","J8 - Concarneau",6,"Quentin BERNARD","DEF AXE",96,105,10091,28,272,182,35,0,1,25,10
"Pros","J8 - Concarneau",7,"Mickaël BARRETO","MIL OFF",73,129,9406,28,670,444,78,0,4,58,32
"Pros","J8 - Concarneau",8,"Zoran MOCO","DEF LAT",73,128,9324,33,615,473,126,43,9,76,30
"Pros","J8 - Concarneau",9,"Yanis BARKA","ATT",73,122,8886,29,612,656,207,0,10,67,33
"Pros","J8 - Concarneau",10,"Julio TAVARES","ATT",83,107,8851,31,652,414,75,15,3,169,38
"Pros","J8 - Concarneau",11,"Hugo VARGAS RIOS","MIL REL",23,145,3341,30,70,61,51,0,2,17,3
"Pros","J8 - Concarneau",12,"Julien DOMINGUES","ATT",23,131,3005,28,216,155,73,0,2,17,13
"Pros","J8 - Concarneau",13,"Ismail DIALLO","DEF LAT",23,129,2966,34,109,135,83,60,5,32,9
"Pros","J8 - Concarneau",14,"Alexis NTAMACK","ATT",13,156,2031,25,147,120,5,0,0,30,7
"Pros","J8 - Concarneau",15,"Ben Chayeel HAMADA","MIL REL",8,201,1607,28,84,77,56,0,2,10,6
"Pros","J8 - Concarneau",16,"Delecroix Paul","GB",96,NA,NA,NA,NA,NA,NA,NA,NA,NA,NA
"Pros","J9 - Aubagne",1,"Adel LEMBEZAT","MIL REL",97,123,11896,31,1127,849,179,15,10,107,42
"Pros","J9 - Aubagne",2,"Mickaël BARRETO","MIL OFF",97,119,11570,26,747,447,24,0,1,72,45
"Pros","J9 - Aubagne",3,"Jordan MARIE","MIL DEF",97,119,11559,29,1132,421,67,0,1,53,29
"Pros","J9 - Aubagne",4,"Fady KHATIR","DEF LAT",97,107,10379,31,510,391,224,16,12,88,29
"Pros","J9 - Aubagne",5,"Waly DIOUF","DEF AXE",97,101,9811,27,301,237,50,0,3,40,24
"Pros","J9 - Aubagne",6,"Yanis BARKA","ATT",85,115,9796,29,675,569,178,0,7,85,32
"Pros","J9 - Aubagne",7,"Samy CHOUCHANE","MIL REL",74,128,9446,27,613,413,58,0,2,87,34
"Pros","J9 - Aubagne",8,"Quentin BERNARD","DEF AXE",97,97,9416,30,219,146,88,6,4,29,8
"Pros","J9 - Aubagne",9,"Julien DOMINGUES","ATT",74,123,9102,31,522,398,156,26,8,83,29
"Pros","J9 - Aubagne",10,"Ben Chayeel HAMADA","MIL REL",67,118,7908,29,568,555,186,0,11,77,31
"Pros","J9 - Aubagne",11,"Zoran MOCO","DEF LAT",30,118,3543,31,225,189,83,12,4,23,7
"Pros","J9 - Aubagne",12,"Hugo VARGAS RIOS","MIL REL",23,142,3274,24,158,62,0,0,0,0,7
"Pros","J9 - Aubagne",13,"Alexis NTAMACK","ATT",23,108,2490,32,156,125,38,11,2,33,8
"Pros","J9 - Aubagne",14,"Julio TAVARES","ATT",12,142,1704,28,102,94,16,0,1,19,3
"Pros","J9 - Aubagne",15,"Abdoul DIABY","DEF AXE",0,NA,0,0,0,0,0,0,0,0,0
"Pros","J9 - Aubagne",16,"Delecroix Paul","GB",97,NA,NA,NA,NA,NA,NA,NA,NA,NA,NA
"Pros","J10 - QRM",1,"Adel LEMBEZAT","MIL REL",94,134,12589,30,1321,1016,241,11,12,104,56
"Pros","J10 - QRM",2,"Jordan MARIE","MIL DEF",94,129,12148,28,1018,407,36,0,2,43,31
"Pros","J10 - QRM",3,"Cesar OBONGO","DEF LAT",94,126,11839,29,661,674,212,0,12,125,40
"Pros","J10 - QRM",4,"Fady KHATIR","DEF LAT",94,107,10042,30,451,542,142,10,8,62,36
"Pros","J10 - QRM",5,"Mickaël BARRETO","MIL OFF",62,146,9063,29,677,449,115,0,6,40,22
"Pros","J10 - QRM",6,"Yanis BARKA","ATT",73,120,8735,29,529,372,107,0,5,68,23
"Pros","J10 - QRM",7,"Alexis NTAMACK","ATT",79,104,8245,33,296,247,58,17,4,142,64
"Pros","J10 - QRM",8,"Waly DIOUF","DEF AXE",94,85,7947,27,23,19,6,0,1,11,10
"Pros","J10 - QRM",9,"Quentin BERNARD","DEF AXE",62,116,7196,26,223,158,23,0,2,11,11
"Pros","J10 - QRM",10,"Ben Chayeel HAMADA","MIL REL",48,143,6859,31,657,555,183,7,8,60,25
"Pros","J10 - QRM",11,"Brandon NDEZI","MIL REL",46,123,5641,28,321,282,72,0,3,48,27
"Pros","J10 - QRM",12,"Samy CHOUCHANE","MIL REL",32,163,5219,25,407,279,4,0,0,31,16
"Pros","J10 - QRM",13,"Lenny LACROIX","DEF AXE",32,133,4251,26,175,100,5,0,0,28,7
"Pros","J10 - QRM",14,"Julio TAVARES","ATT",21,162,3392,28,158,155,45,0,3,34,5
"Pros","J10 - QRM",15,"Florian Rombogouera","ATT",15,183,2739,29,160,191,78,0,5,27,9
"Pros","J10 - QRM",16,"Delecroix Paul","GB",94,NA,NA,NA,NA,NA,NA,NA,NA,NA,NA
"Pros","J11 - Versailles",1,"Brandon NDEZI","MIL REL",96,125,12001,30,815,631,121,7,7,111,38
"Pros","J11 - Versailles",2,"Cesar OBONGO","DEF LAT",96,122,11737,32,635,649,249,37,14,104,53
"Pros","J11 - Versailles",3,"Jordan MARIE","MIL DEF",90,122,10950,30,1038,357,112,0,5,43,24
"Pros","J11 - Versailles",4,"Fady KHATIR","DEF LAT",96,109,10476,32,551,344,161,15,10,75,38
"Pros","J11 - Versailles",5,"Yanis BARKA","ATT",84,121,10169,27,637,545,48,0,3,93,27
"Pros","J11 - Versailles",6,"Quentin BERNARD","DEF AXE",96,102,9808,27,251,166,63,0,2,29,12
"Pros","J11 - Versailles",7,"Adel LEMBEZAT","MIL OFF",71,132,9344,30,920,659,194,0,7,85,34
"Pros","J11 - Versailles",8,"Alexis NTAMACK","ATT",71,118,8363,31,533,374,131,21,7,99,43
"Pros","J11 - Versailles",9,"Waly DIOUF","DEF AXE",96,84,8073,29,199,124,30,0,2,38,27
"Pros","J11 - Versailles",10,"Ben Chayeel HAMADA","MIL REL",50,134,6705,30,573,504,189,0,7,33,31
"Pros","J11 - Versailles",11,"Mickaël BARRETO","MIL OFF",46,130,5975,28,378,240,122,0,8,35,25
"Pros","J11 - Versailles",12,"Samy CHOUCHANE","MIL REL",25,175,4374,26,380,262,27,0,2,15,8
"Pros","J11 - Versailles",13,"Julio TAVARES","ATT",25,134,3347,29,191,129,34,0,1,51,6
"Pros","J11 - Versailles",14,"Julien DOMINGUES","ATT",12,194,2334,27,179,101,25,0,2,14,7
"Pros","J11 - Versailles",15,"Lenny LACROIX","DEF AXE",6,240,1441,26,53,59,9,0,1,5,3
"Pros","J11 - Versailles",16,"Delecroix Paul","GB",96,NA,NA,NA,NA,NA,NA,NA,NA,NA,NA
"Pros","J12 - Fleury",1,"Samy CHOUCHANE","MIL REL",95,130,12343,26,946,621,24,0,1,78,33
"Pros","J12 - Fleury",2,"Adel LEMBEZAT","MIL OFF",95,122,11543,30,829,590,303,6,14,82,41
"Pros","J12 - Fleury",3,"Zoran MOCO","DEF LAT",95,117,11099,31,515,409,117,15,7,58,29
"Pros","J12 - Fleury",4,"Waly DIOUF","DEF AXE",95,112,10612,27,567,484,38,0,2,59,33
"Pros","J12 - Fleury",5,"Jordan MARIE","MIL DEF",86,122,10451,28,962,316,32,0,2,42,27
"Pros","J12 - Fleury",6,"Yanis BARKA","ATT",95,107,10133,29,570,392,169,0,8,92,34
"Pros","J12 - Fleury",7,"Cesar OBONGO","DEF LAT",76,119,9058,30,510,489,177,0,8,86,27
"Pros","J12 - Fleury",8,"Brandon NDEZI","MIL REL",65,119,7734,29,425,430,167,0,11,66,23
"Pros","J12 - Fleury",9,"Alexis NTAMACK","ATT",65,107,6952,31,326,258,66,4,4,74,55
"Pros","J12 - Fleury",10,"Quentin BERNARD","DEF AXE",95,106,10078,31,350,260,108,16,4,15,10
"Pros","J12 - Fleury",11,"Ben Chayeel HAMADA","MIL REL",30,142,4268,29,319,268,87,0,5,28,12
"Pros","J12 - Fleury",12,"Julio TAVARES","ATT",30,115,3459,31,73,94,41,7,3,32,9
"Pros","J12 - Fleury",13,"Julien DOMINGUES","ATT",19,150,2841,22,100,12,0,0,0,16,2
"Pros","J12 - Fleury",14,"Paul BELLON","MIL DEF",9,176,1588,26,88,39,26,0,1,10,7
"Pros","J12 - Fleury",15,"Lenny LACROIX","DEF AXE",0,NA,NA,NA,NA,NA,NA,NA,NA,NA,NA
"Pros","J12 - Fleury",16,"Delecroix Paul","GB",95,NA,NA,NA,NA,NA,NA,NA,NA,NA,NA
"Pros","J13 - Bourg",1,"Adel LEMBEZAT","MIL REL",97,127,12318,30,1065,982,342,13,17,92,55
"Pros","J13 - Bourg",2,"Julio TAVARES","ATT",97,114,11020,30,645,528,190,15,11,128,31
"Pros","J13 - Bourg",3,"Fady KHATIR","DEF LAT",97,111,10749,31,611,418,218,42,13,74,42
"Pros","J13 - Bourg",4,"Julien DOMINGUES","ATT",78,135,10502,32,715,636,213,39,14,103,23
"Pros","J13 - Bourg",5,"Paul BELLON","MIL DEF",78,131,10190,27,685,277,15,0,1,40,33
"Pros","J13 - Bourg",6,"Quentin BERNARD","DEF AXE",97,104,10124,28,418,241,45,0,4,31,26
"Pros","J13 - Bourg",7,"Ismail DIALLO","DEF LAT",86,109,9402,35,268,298,196,77,12,102,30
"Pros","J13 - Bourg",8,"Waly DIOUF","DEF AXE",97,92,8893,25,239,143,0,0,0,30,24
"Pros","J13 - Bourg",9,"Samy CHOUCHANE","MIL REL",58,146,8484,29,703,425,97,0,5,52,34
"Pros","J13 - Bourg",10,"Mickaël BARRETO","MIL OFF",58,143,8278,27,467,267,55,0,4,20,22
"Pros","J13 - Bourg",11,"Ben Chayeel HAMADA","MIL REL",39,142,5539,29,412,358,79,0,4,60,29
"Pros","J13 - Bourg",12,"Brandon NDEZI","MIL REL",32,128,4098,29,296,242,78,0,4,42,11
"Pros","J13 - Bourg",13,"Yanis BARKA","ATT",19,157,2981,27,140,146,21,0,1,28,10
"Pros","J13 - Bourg",14,"Zoran MOCO","DEF LAT",19,143,2711,26,112,70,7,0,1,17,5
"Pros","J13 - Bourg",15,"Alexis NTAMACK","ATT",11,187,2059,32,128,86,33,11,2,9,8
"Pros","J13 - Bourg",16,"Delecroix Paul","GB",97,NA,NA,NA,NA,NA,NA,NA,NA,NA,NA
"Pros","J14 - Sochaux",1,"Jordan MARIE","MIL REL",95,135,12819,29,1268,623,116,0,6,59,35
"Pros","J14 - Sochaux",2,"Ben Chayeel HAMADA","MIL REL",95,130,12332,29,1287,1055,164,0,9,98,52
"Pros","J14 - Sochaux",3,"Adel LEMBEZAT","MIL REL",95,129,12276,29,1195,900,181,0,10,106,52
"Pros","J14 - Sochaux",4,"Julien DOMINGUES","ATT",95,121,11463,32,776,658,341,41,16,128,44
"Pros","J14 - Sochaux",5,"Fady KHATIR","DEF LAT",95,112,10647,32,553,505,201,22,12,69,37
"Pros","J14 - Sochaux",6,"Paul BELLON","MIL DEF",80,132,10534,26,475,283,26,0,2,27,21
"Pros","J14 - Sochaux",7,"Waly DIOUF","DEF AXE",95,110,10425,29,346,359,125,0,6,44,24
"Pros","J14 - Sochaux",8,"Quentin BERNARD","DEF AXE",95,108,10262,28,316,280,69,0,4,32,14
"Pros","J14 - Sochaux",9,"Julio TAVARES","ATT",71,122,8628,31,493,505,136,20,9,127,24
"Pros","J14 - Sochaux",10,"Ismail DIALLO","DEF LAT",62,120,7421,33,269,285,157,78,9,96,33
"Pros","J14 - Sochaux",11,"Samy CHOUCHANE","MIL REL",33,142,4677,29,434,251,85,0,3,27,13
"Pros","J14 - Sochaux",12,"Yanis BARKA","ATT",24,177,4252,26,273,155,7,0,1,30,11
"Pros","J14 - Sochaux",13,"Alexis NTAMACK","ATT",15,166,2488,32,109,73,55,12,4,34,12
"Pros","J14 - Sochaux",14,"Lenny LACROIX","DEF AXE",0,NA,0,0,0,0,0,0,0,0,0
"Pros","J14 - Sochaux",15,"Ylan AKA","MIL REL",0,NA,0,0,0,0,0,0,0,0,0
"Pros","J14 - Sochaux",16,"Delecroix Paul","GB",95,NA,NA,NA,NA,NA,NA,NA,NA,NA,NA
"Pros","J15 - VAFC",1,"Samy CHOUCHANE","MIL REL",96,143,13754,29,1028,635,120,0,8,66,41
"Pros","J15 - VAFC",2,"Paul BELLON","MIL DEF",96,135,12967,30,689,378,91,2,3,48,42
"Pros","J15 - VAFC",3,"Waly DIOUF","DEF AXE",96,116,11092,28,336,283,115,0,5,43,17
"Pros","J15 - VAFC",4,"Fady KHATIR","DEF LAT",96,115,11012,33,646,442,47,23,2,92,34
"Pros","J15 - VAFC",5,"Quentin BERNARD","DEF AXE",96,114,10897,29,343,202,75,0,3,30,12
"Pros","J15 - VAFC",6,"Julien DOMINGUES","ATT",74,144,10670,31,716,581,181,18,12,95,30
"Pros","J15 - VAFC",7,"Jordan MARIE","MIL REL",79,133,10478,30,724,408,88,3,4,57,24
"Pros","J15 - VAFC",8,"Ben Chayeel HAMADA","DEF LAT",63,142,8937,32,495,331,80,9,4,54,33
"Pros","J15 - VAFC",9,"Adel LEMBEZAT","MIL OFF",63,140,8799,29,666,549,226,0,11,48,37
"Pros","J15 - VAFC",10,"Julio TAVARES","ATT",63,128,8057,29,501,511,117,0,8,108,27
"Pros","J15 - VAFC",11,"Lenny LACROIX","DEF AXE",33,139,4573,30,182,126,71,11,4,23,22
"Pros","J15 - VAFC",12,"Brandon NDEZI","MIL REL",33,138,4543,29,194,158,78,0,4,24,9
"Pros","J15 - VAFC",13,"Yanis BARKA","ATT",33,134,4408,30,319,259,121,1,8,58,18
"Pros","J15 - VAFC",14,"Alexis NTAMACK","ATT",22,145,3196,30,191,157,83,4,4,41,24
"Pros","J15 - VAFC",15,"Mickaël BARRETO","MIL OFF",17,182,3097,27,157,131,22,0,1,12,6
"Pros","J15 - VAFC",16,"Paul Delecroix","GB",96,NA,NA,NA,NA,NA,NA,NA,NA,NA,NA
"Pros","J16 - Chateauroux",1,"Adel LEMBEZAT","MIL OFF",95,131,12476,31,1081,806,169,16,10,57,39
"Pros","J16 - Chateauroux",2,"Jordan MARIE","MIL REL",95,128,12195,30,1324,615,80,0,4,35,32
"Pros","J16 - Chateauroux",3,"Lenny LACROIX","DEF LAT",95,115,10906,28,680,573,116,0,6,84,37
"Pros","J16 - Chateauroux",4,"Samy CHOUCHANE","MIL REL",78,136,10641,27,824,537,95,0,6,68,37
"Pros","J16 - Chateauroux",5,"Fady KHATIR","DEF LAT",95,108,10237,29,580,527,107,0,7,68,27
"Pros","J16 - Chateauroux",6,"Quentin BERNARD","DEF AXE",95,106,10080,29,355,274,82,0,5,22,7
"Pros","J16 - Chateauroux",7,"Julio TAVARES","ATT",78,114,8919,30,708,653,157,0,10,126,36
"Pros","J16 - Chateauroux",8,"Paul BELLON","MIL DEF",62,137,8491,29,591,233,56,0,3,29,28
"Pros","J16 - Chateauroux",9,"Julien DOMINGUES","ATT",62,135,8399,31,513,476,164,24,9,69,27
"Pros","J16 - Chateauroux",10,"Waly DIOUF","DEF AXE",95,81,7721,26,198,85,9,0,1,22,19
"Pros","J16 - Chateauroux",11,"Yanis BARKA","ATT",33,125,4113,30,311,232,146,0,7,41,10
"Pros","J16 - Chateauroux",12,"Mickaël BARRETO","MIL OFF",17,163,2766,26,123,98,17,0,1,2,6
"Pros","J16 - Chateauroux",13,"Alexis NTAMACK","ATT",17,104,1772,32,45,65,24,5,1,16,13
"Pros","J16 - Chateauroux",14,"Brandon NDEZI","MIL REL",33,125,4113,30,311,232,146,0,7,41,10
"Pros","J16 - Chateauroux",15,"Abdoul DIABY","DEF AXE",NA,NA,0,0,0,0,0,0,0,0,0
"Pros","J16 - Chateauroux",16,"Delecroix Paul","GB",95,NA,NA,NA,NA,NA,NA,NA,NA,NA,NA
"Pros","J17 - Le Puy",1,"Jordan MARIE","MIL REL",96,129,12340,31,1206,356,89,9,6,84,36
"Pros","J17 - Le Puy",2,"Adel LEMBEZAT","MIL OFF",96,129,12337,29,976,672,138,0,8,72,32
"Pros","J17 - Le Puy",3,"Ben Chayeel HAMADA","MIL REL",83,136,11311,31,863,681,134,6,7,55,44
"Pros","J17 - Le Puy",4,"Ismail DIALLO","DEF LAT",92,109,10024,32,341,349,202,41,16,102,29
"Pros","J17 - Le Puy",5,"Fady KHATIR","DEF LAT",96,104,10000,29,454,378,138,0,6,92,25
"Pros","J17 - Le Puy",6,"Quentin BERNARD","DEF AXE",96,103,9925,28,194,132,51,0,4,30,9
"Pros","J17 - Le Puy",7,"Julien DOMINGUES","ATT",67,135,9038,30,530,504,201,0,10,68,31
"Pros","J17 - Le Puy",8,"Paul BELLON","MIL DEF",67,134,8969,26,444,260,14,0,1,38,21
"Pros","J17 - Le Puy",9,"Yanis BARKA","ATT",67,126,8440,28,553,439,116,0,7,61,28
"Pros","J17 - Le Puy",10,"Waly DIOUF","DEF AXE",96,91,8710,22,76,19,0,0,0,6,11
"Pros","J17 - Le Puy",11,"Brandon NDEZI","MIL REL",29,130,3779,31,144,151,66,9,3,35,15
"Pros","J17 - Le Puy",12,"Julio TAVARES","ATT",29,126,3648,27,187,159,31,0,2,37,9
"Pros","J17 - Le Puy",13,"Alexis NTAMACK","ATT",29,100,2889,31,190,175,57,10,2,35,18
"Pros","J17 - Le Puy",14,"Samy CHOUCHANE","MIL REL",13,194,2523,27,220,107,25,0,1,8,6
"Pros","J17 - Le Puy",15,"Lenny LACROIX","DEF AXE",4,229,916,27,48,46,9,0,1,7,2
"Pros","J17 - Le Puy",16,"Delecroix Paul","GB",96,NA,NA,NA,NA,NA,NA,NA,NA,NA,NA
"Pros","J18 - Rouen",1,"Adel LEMBEZAT","MIL OFF",95,125,11887,28,924,658,148,0,8,107,33
"Pros","J18 - Rouen",2,"Paul BELLON","MIL DEF",95,120,11434,26,658,259,9,0,0,57,31
"Pros","J18 - Rouen",3,"Ben Chayeel HAMADA","MIL REL",80,133,10675,28,864,632,105,0,4,52,35
"Pros","J18 - Rouen",4,"Julien DOMINGUES","ATT",80,129,10354,30,760,678,164,0,8,95,33
"Pros","J18 - Rouen",5,"Ismail DIALLO","DEF LAT",95,107,10187,35,417,433,153,75,8,140,35
"Pros","J18 - Rouen",6,"Waly DIOUF","DEF AXE",95,106,10029,26,450,231,9,0,1,46,27
"Pros","J18 - Rouen",7,"Fady KHATIR","DEF LAT",95,104,9927,29,474,378,127,0,5,73,30
"Pros","J18 - Rouen",8,"Quentin BERNARD","DEF AXE",95,103,9750,25,272,205,11,0,0,39,18
"Pros","J18 - Rouen",9,"Brandon NDEZI","MIL REL",65,128,8338,31,508,436,155,4,5,67,25
"Pros","J18 - Rouen",10,"Alexis NTAMACK","ATT",65,128,8323,31,565,381,111,10,6,77,52
"Pros","J18 - Rouen",11,"Samy CHOUCHANE","MIL REL",30,140,4190,28,278,185,20,0,1,26,20
"Pros","J18 - Rouen",12,"Yanis BARKA","ATT",30,116,3468,30,276,232,110,0,6,39,13
"Pros","J18 - Rouen",13,"Zoran MOCO","MIL REL",15,139,2090,32,81,64,41,25,2,5,4
"Pros","J18 - Rouen",14,"Julio TAVARES","ATT",15,130,1957,28,171,116,51,0,2,18,6
"Pros","J18 - Rouen",15,"Lenny LACROIX","DEF AXE",0,NA,0,0,0,0,0,0,0,0,0
"Pros","J18 - Rouen",16,"Delecroix Paul","GB",95,NA,NA,NA,NA,NA,NA,NA,NA,NA,NA
"Pros","J19 - Stade Briochin",1,"Paul BELLON","MIL DEF",94,124,11685,29,729,411,77,0,3,54,39
"Pros","J19 - Stade Briochin",2,"Adel LEMBEZAT","MIL OFF",83,131,10859,30,723,537,99,0,4,64,46
"Pros","J19 - Stade Briochin",3,"Julien DOMINGUES","ATT",94,115,10830,31,635,484,166,34,8,133,31
"Pros","J19 - Stade Briochin",4,"Ismail DIALLO","DEF LAT",94,115,10781,34,490,533,274,72,14,102,41
"Pros","J19 - Stade Briochin",5,"Fady KHATIR","DEF LAT",94,115,10777,30,544,488,197,17,10,75,29
"Pros","J19 - Stade Briochin",6,"Waly DIOUF","DEF AXE",94,112,10563,27,519,355,45,0,3,42,24
"Pros","J19 - Stade Briochin",7,"Samy CHOUCHANE","MIL REL",70,148,10332,26,742,492,79,0,3,32,37
"Pros","J19 - Stade Briochin",8,"Quentin BERNARD","DEF AXE",94,110,10328,31,320,198,87,3,3,27,18
"Pros","J19 - Stade Briochin",9,"Julio TAVARES","ATT",78,113,8820,29,555,384,93,0,5,102,32
"Pros","J19 - Stade Briochin",10,"Brandon NDEZI","MIL REL",70,124,8670,30,496,400,147,7,7,69,26
"Pros","J19 - Stade Briochin",11,"Jordan MARIE","MIL REL",24,146,3501,26,337,125,15,0,1,9,6
"Pros","J19 - Stade Briochin",12,"Yanis BARKA","ATT",24,132,3175,27,142,158,20,0,1,20,10
"Pros","J19 - Stade Briochin",13,"Alexis NTAMACK","ATT",16,129,2070,30,154,100,37,3,2,31,15
"Pros","J19 - Stade Briochin",14,"Ben Chayeel HAMADA","MIL REL",11,176,1939,29,100,83,32,0,1,15,5
"Pros","J19 - Stade Briochin",15,"Lenny LACROIX","DEF AXE",0,NA,NA,NA,NA,NA,NA,NA,NA,NA,NA
"Pros","J19 - Stade Briochin",16,"Delecroix Paul","GB",94,NA,NA,NA,NA,NA,NA,NA,NA,NA,NA
"Formation","J1 - USM SARAN",1,"KETTERLE ENZO","GB",NA,NA,NA,NA,NA,NA,NA,NA,NA,NA,NA
"Formation","J1 - USM SARAN",2,"OBONGO CÉSAR","DEF LAT",90,127,11456,32.3,NA,NA,NA,NA,22,609,214
"Formation","J1 - USM SARAN",3,"BENYAHYA ANASS","DEF AXE",90,121,10870,32.1,NA,NA,NA,NA,12,417,177
"Formation","J1 - USM SARAN",4,"N'TAZAMBI LUCAS","DEF AXE",90,116,10448,31.8,NA,NA,NA,NA,9,436,154
"Formation","J1 - USM SARAN",5,"DIALLO BOUBACAR","DEF LAT",90,119,10740,34,NA,NA,NA,NA,24,472,163
"Formation","J1 - USM SARAN",6,"TREMBLAY LÉO","MIL DEF",90,148,13363,31,NA,NA,NA,NA,14,392,171
"Formation","J1 - USM SARAN",7,"MARTINEZ ALESSIO","MIL REL",90,124,11162,31,NA,NA,NA,NA,8,350,136
"Formation","J1 - USM SARAN",8,"DUPONT LORIS","MIL REL",31,131,4054,31.4,NA,NA,NA,NA,3,113,55
"Formation","J1 - USM SARAN",9,"WINSTERSHEIM KELVIN","MIL EXC",51,135,6869,32.8,NA,NA,NA,NA,6,296,105
"Formation","J1 - USM SARAN",10,"YANSANE JALLAL","ATT",77,130,9973,31.7,NA,NA,NA,NA,21,319,130
"Formation","J1 - USM SARAN",11,"ROMBOGOUERA FLORIAN","MIL EXC",90,117,10502,31.6,NA,NA,NA,NA,32,666,203
"Formation","J1 - USM SARAN",12,"AKA YLAN","MIL REL",59,130,7675,28.1,NA,NA,NA,NA,10,238,142
"Formation","J1 - USM SARAN",13,"FORNELLI MEHDI","MIL EXC",39,149,5823,31.8,NA,NA,NA,NA,13,277,111
"Formation","J1 - USM SARAN",14,"DONG TYRIS","ATT",13,172,2238,29.5,NA,NA,NA,NA,4,90,34
"Formation","J1 - USM SARAN",15,"CHIDI EMMANUEL",NA,0,NA,NA,NA,NA,NA,NA,NA,NA,NA,NA
"Formation","J1 - USM SARAN",16,"PULERI LUIS",NA,0,NA,NA,NA,NA,NA,NA,NA,NA,NA,NA
"Formation","J2 - MOULINS",1,"MONTFORT LENNY","GB",90,NA,NA,NA,NA,NA,NA,NA,NA,NA,NA
"Formation","J2 - MOULINS",2,"OBONGO CÉSAR","DEF LAT",90,124,11177,31.5,NA,NA,NA,NA,17,619,217
"Formation","J2 - MOULINS",3,"BENYAHYA ANASS","DEF AXE",90,118,10646,29.4,NA,NA,NA,NA,7,405,166
"Formation","J2 - MOULINS",4,"N'TAZAMBI LUCAS","DEF AXE",90,115,10331,29.9,NA,NA,NA,NA,4,447,112
"Formation","J2 - MOULINS",5,"DIALLO BOUBACAR","DEF LAT",42,106,4447,29.5,NA,NA,NA,NA,3,187,66
"Formation","J2 - MOULINS",6,"TREMBLAY LÉO","MIL DEF",90,144,12934,26.8,NA,NA,NA,NA,1,453,191
"Formation","J2 - MOULINS",7,"AKA YLAN","MIL REL",90,128,11520,29.9,NA,NA,NA,NA,8,419,228
"Formation","J2 - MOULINS",8,"MARTINEZ ALESSIO","MIL REL",76,117,8860,28.4,NA,NA,NA,NA,3,313,96
"Formation","J2 - MOULINS",9,"YANSANE JALLAL","MIL EXC",54,125,6723,31.9,NA,NA,NA,NA,9,297,108
"Formation","J2 - MOULINS",10,"DONG TYRIS","ATT",90,122,10968,31.1,NA,NA,NA,NA,13,477,173
"Formation","J2 - MOULINS",11,"ROMBOGOUERA FLORIAN","MIL EXC",76,114,8647,32.9,NA,NA,NA,NA,23,615,208
"Formation","J2 - MOULINS",12,"MAHAMAT-BINDI FAÏSS","MIL REL",48,142,6810,28,NA,NA,NA,NA,6,325,137
"Formation","J2 - MOULINS",13,"WINSTERSHEIM KELVIN","MIL EXC",36,140,5037,30.8,NA,NA,NA,NA,4,243,87
"Formation","J2 - MOULINS",14,"CHAMS SOULE","ATT",14,183,2566,26.7,NA,NA,NA,NA,2,134,55
"Formation","J2 - MOULINS",15,"CHIDI EMMANUEL","DEF AXE",14,116,1625,25.4,NA,NA,NA,NA,0,72,45
"Formation","J2 - MOULINS",16,"MARSIN ANTONIN",NA,0,NA,NA,NA,NA,NA,NA,NA,NA,NA,NA
"Formation","J3 - JURA SUD ",1,"KETTERLE ENZO","GB",90,NA,NA,NA,NA,NA,NA,NA,NA,NA,NA
"Formation","J3 - JURA SUD ",2,"OBONGO CÉSAR","DEF LAT",90,123,11076,31.7,NA,NA,NA,NA,15,574,203
"Formation","J3 - JURA SUD ",3,"BENYAHYA ANASS","DEF AXE",12,127,1521,25.8,NA,NA,NA,NA,0,47,16
"Formation","J3 - JURA SUD ",4,"LACROIX LENNY","DEF AXE",90,96,8613,29.1,NA,NA,NA,NA,3,293,105
"Formation","J3 - JURA SUD ",5,"KHATIR FADY","DEF LAT",73,102,7454,32.6,NA,NA,NA,NA,6,298,94
"Formation","J3 - JURA SUD ",6,"TREMBLAY LÉO","MIL DEF",90,135,12189,26.1,NA,NA,NA,NA,3,423,129
"Formation","J3 - JURA SUD ",7,"AKA YLAN","MIL REL",90,128,11540,28.4,NA,NA,NA,NA,3,370,199
"Formation","J3 - JURA SUD ",8,"MARTINEZ ALESSIO","MIL REL",90,120,10786,30.7,NA,NA,NA,NA,9,351,132
"Formation","J3 - JURA SUD ",9,"ROMBOGOUERA FLORIAN","MIL EXC",90,112,10069,33.1,NA,NA,NA,NA,17,643,206
"Formation","J3 - JURA SUD ",10,"WINSTERSHEIM KELVIN","ATT",73,130,9459,31.8,NA,NA,NA,NA,12,291,139
"Formation","J3 - JURA SUD ",11,"BARRETTO MICHAËL","MIL EXC",61,124,7559,NA,NA,NA,NA,NA,6,269,113
"Formation","J3 - JURA SUD ",12,"N'TAZAMBI LUCAS","DEF AXE",78,98,7640,NA,NA,NA,NA,NA,3,316,89
"Formation","J3 - JURA SUD ",13,"YANSANE JALLAL","ATT",29,138,3999,32.8,NA,NA,NA,NA,4,136,55
"Formation","J3 - JURA SUD ",14,"RIVIERE ENZO","ATT",17,155,2632,32.4,NA,NA,NA,NA,5,123,52
"Formation","J3 - JURA SUD ",15,"MAHAMAT-BINDI FAÏSS","MIL REL",17,172,2926,28.4,NA,NA,NA,NA,5,151,66
"Formation","J3 - JURA SUD ",16,"MARSIN ANTONIN",NA,NA,NA,NA,NA,NA,NA,NA,NA,NA,NA,NA
"Formation","J4 - HAUTS LYONNAIS",1,"KETTERLE ENZO","GB",100,NA,NA,NA,NA,NA,NA,NA,NA,NA,NA
"Formation","J4 - HAUTS LYONNAIS",2,"DJADJA BRAYAN","DEF LAT",100,102,10195,30.6,NA,NA,NA,NA,6,327,121
"Formation","J4 - HAUTS LYONNAIS",3,"LACROIX LENNY","DEF AXE",39,96,3742,26,NA,NA,NA,NA,0,101,47
"Formation","J4 - HAUTS LYONNAIS",4,"DIABY MALICK ABDOUL","DEF AXE",100,102,10171,30.2,NA,NA,NA,NA,6,333,127
"Formation","J4 - HAUTS LYONNAIS",5,"AKA YLAN","DEF LAT",100,115,11494,33.2,NA,NA,NA,NA,7,447,156
"Formation","J4 - HAUTS LYONNAIS",6,"TREMBLAY LÉO","MIL DEF",100,128,12843,28.7,NA,NA,NA,NA,4,335,152
"Formation","J4 - HAUTS LYONNAIS",7,"HAMADA BEN-CHAYEEL","MIL REL",57,85,4836,25.6,NA,NA,NA,NA,2,116,105
"Formation","J4 - HAUTS LYONNAIS",8,"MARTINEZ ALESSIO","MIL REL",100,106,10642,32.2,NA,NA,NA,NA,12,401,132
"Formation","J4 - HAUTS LYONNAIS",9,"WINSTERSHEIM KELVIN","MIL EXC",50,126,6277,28.4,NA,NA,NA,NA,5,247,94
"Formation","J4 - HAUTS LYONNAIS",10,"DONG TYRIS","ATT",81,109,8867,30.1,NA,NA,NA,NA,10,340,151
"Formation","J4 - HAUTS LYONNAIS",11,"FORNELLI MEHDI","MIL EXC",50,121,6054,32.5,NA,NA,NA,NA,12,370,107
"Formation","J4 - HAUTS LYONNAIS",12,"N'TAZAMBI LUCAS","DEF AXE",61,83,5042,27.4,NA,NA,NA,NA,1,201,74
"Formation","J4 - HAUTS LYONNAIS",13,"YANSANE JALLAL","MIL EXC",50,123,6156,33.9,NA,NA,NA,NA,9,230,74
"Formation","J4 - HAUTS LYONNAIS",14,"RIVIERE ENZO","MIL EXC",50,101,5064,30.9,NA,NA,NA,NA,10,249,78
"Formation","J4 - HAUTS LYONNAIS",15,"CHIDI EMMANUEL","DEF AXE",43,100,4315,29.1,NA,NA,NA,NA,3,163,56
"Formation","J4 - HAUTS LYONNAIS",16,"MARSIN ANTONIN","MIL REL",19,126,2387,25.2,NA,NA,NA,NA,0,141,75
"Formation","J5 - MACON ",1,"KETTERLE ENZO","GB",95,NA,NA,NA,NA,NA,NA,NA,NA,NA,NA
"Formation","J5 - MACON ",2,"OBONGO CÉSAR","DEF LAT",95,113,10732,32.1,NA,NA,NA,NA,17,508,209
"Formation","J5 - MACON ",3,"N'TAZAMBI LUCAS","DEF AXE",95,104,9855,31.3,NA,NA,NA,NA,5,429,153
"Formation","J5 - MACON ",4,"CHIDI EMMANUEL","DEF AXE",19,115,2179,27.1,NA,NA,NA,NA,1,98,26
"Formation","J5 - MACON ",5,"AKA YLAN","DEF LAT",95,0,NA,NA,NA,NA,NA,NA,NA,NA,NA
"Formation","J5 - MACON ",6,"TREMBLAY LÉO","MIL DEF",30,129,3873,27.7,NA,NA,NA,NA,3,127,53
"Formation","J5 - MACON ",7,"DUPONT LORIS","MIL REL",81,89,7220,27.5,NA,NA,NA,NA,4,325,181
"Formation","J5 - MACON ",8,"MARTINEZ ALESSIO","MIL REL",63,122,7661,33.7,NA,NA,NA,NA,4,268,89
"Formation","J5 - MACON ",9,"WINSTERSHEIM KELVIN","MIL EXC",63,126,7946,31.1,NA,NA,NA,NA,5,288,133
"Formation","J5 - MACON ",10,"YANSANE JALLAL","ATT",32,112,3595,31.2,NA,NA,NA,NA,5,161,57
"Formation","J5 - MACON ",11,"ROMBOGOUERA FLORIAN","MIL EXC",95,117,11100,32.9,NA,NA,NA,NA,29,799,222
"Formation","J5 - MACON ",12,"DJADJA BRAYAN","DEF AXE",63,109,6849,34.2,NA,NA,NA,NA,5,271,94
"Formation","J5 - MACON ",13,"FORNELLI MEHDI","MIL REL",32,133,4260,27.4,NA,NA,NA,NA,1,225,80
"Formation","J5 - MACON ",14,"DJAE ABDELMAJID","ATT",32,135,4306,30,NA,NA,NA,NA,4,155,87
"Formation","J5 - MACON ",15,"MARSIN ANTONIN","MIL REL",14,150,2104,29.9,NA,NA,NA,NA,2,139,83
"Formation","J5 - MACON ",16,"RIVIERE ENZO",NA,NA,NA,NA,NA,NA,NA,NA,NA,NA,NA,NA
"Formation","J6 - COSNE ",1,"KETTERLE ENZO","GB",95,NA,NA,NA,NA,NA,NA,NA,NA,NA,NA
"Formation","J6 - COSNE ",2,"WOMBA APOLLINAIRE","DEF LAT",71,121,8572,30.9,NA,NA,NA,NA,11,413,155
"Formation","J6 - COSNE ",3,"N'TAZAMBI LUCAS","DEF AXE",95,106,10076,27.6,NA,NA,NA,NA,6,440,138
"Formation","J6 - COSNE ",4,"AKA YLAN","DEF AXE",95,113,10706,29.2,NA,NA,NA,NA,11,422,162
"Formation","J6 - COSNE ",5,"PULERI LUIS","DEF LAT",95,117,11158,30.3,NA,NA,NA,NA,12,440,141
"Formation","J6 - COSNE ",6,"DUPONT LORIS","MIL DEF",95,126,11963,30.1,NA,NA,NA,NA,3,323,140
"Formation","J6 - COSNE ",7,"MARSIN ANTONIN","MIL REL",95,136,12956,29.3,NA,NA,NA,NA,9,535,219
"Formation","J6 - COSNE ",8,"MARTINEZ ALESSIO","MIL REL",80,120,9576,29.8,NA,NA,NA,NA,4,310,113
"Formation","J6 - COSNE ",9,"WINSTERSHEIM KELVIN","MIL EXC",95,128,12191,30.7,NA,NA,NA,NA,9,442,168
"Formation","J6 - COSNE ",10,"YANSANE JALLAL","ATT",62,126,7815,29,NA,NA,NA,NA,9,263,100
"Formation","J6 - COSNE ",11,"DJAE ABDELMAJID","MIL EXC",62,133,8274,30.3,NA,NA,NA,NA,10,365,126
"Formation","J6 - COSNE ",12,"FORNELLI MEHDI","MIL EXC",33,119,3924,29.3,NA,NA,NA,NA,6,198,65
"Formation","J6 - COSNE ",13,"RIVIERE ENZO","ATT",33,115,3787,30.6,NA,NA,NA,NA,7,201,74
"Formation","J6 - COSNE ",14,"DIALLO BOUBACAR","DEF LAT",24,120,2876,26.6,NA,NA,NA,NA,0,114,44
"Formation","J6 - COSNE ",15,"DONG TYRIS","MIL EXC",15,150,2246,26.6,NA,NA,NA,NA,2,58,27
"Formation","J6 - COSNE ",16,"LOUREIRO JOAKIM","GB",NA,NA,NA,NA,NA,NA,NA,NA,NA,NA,NA
"Formation","J7 - ASSE",1,"MONTFORT LENNY","GB",97,NA,NA,NA,NA,NA,NA,NA,NA,NA,NA
"Formation","J7 - ASSE",2,"DJADJA Brayan","DEF LAT",75,106,7963,33.7,NA,NA,NA,NA,6,253,101
"Formation","J7 - ASSE",3,"N'TAZAMBI LUCAS","DEF AXE",97,106,10240,30.2,NA,NA,NA,NA,7,421,145
"Formation","J7 - ASSE",4,"DIABY MALICK ABDOUL","DEF AXE",97,108,10444,31.6,NA,NA,NA,NA,13,418,175
"Formation","J7 - ASSE",5,"DIALLO BOUBACAR","DEF LAT",70,116,8113,33,NA,NA,NA,NA,7,370,121
"Formation","J7 - ASSE",6,"AKA YLAN","MIL DEF",97,NA,NA,NA,NA,NA,NA,NA,NA,NA,NA
"Formation","J7 - ASSE",7,"DUPONT LORIS","MIL REL",67,136,9132,29.4,NA,NA,NA,NA,4,264,105
"Formation","J7 - ASSE",8,"FORNELLI MEHDI","MIL REL",97,129,12547,29.4,NA,NA,NA,NA,7,699,238
"Formation","J7 - ASSE",9,"MARTINEZ ALESSIO","MIL OFF",97,122,11823,31.9,NA,NA,NA,NA,8,390,126
"Formation","J7 - ASSE",10,"ROMBOGOUERA FLORIAN","ATT",97,94,9129,NA,NA,NA,NA,NA,26,589,194
"Formation","J7 - ASSE",11,"YANSANE JALLAL","ATT",75,122,9138,30.8,NA,NA,NA,NA,13,414,133
"Formation","J7 - ASSE",12,"MARSIN ANTONIN","MIL REL",30,138,4137,29.7,NA,NA,NA,NA,3,174,81
"Formation","J7 - ASSE",13,"WINSTERSHEIM KELVIN","MIL EXC",27,111,3001,32.5,NA,NA,NA,NA,3,109,60
"Formation","J7 - ASSE",14,"DJAE ABDELMAJID","MIL EXC",22,130,2855,29.6,NA,NA,NA,NA,4,144,57
"Formation","J7 - ASSE",15,"GAZON MAXENCE","MIL REL",22,125,2743,26.6,NA,NA,NA,NA,1,103,37
"Formation","J7 - ASSE",16,"CHIDI EMMANUEL","DEF AXE",0,NA,NA,NA,NA,NA,NA,NA,NA,NA,NA
"Formation","J9 - AJA",1,"MONTFORT LENNY","GB",93,NA,NA,NA,NA,NA,NA,NA,NA,NA,NA
"Formation","J9 - AJA",2,"DJADJA BRAYAN","DEF LAT",74,114,8451,30.7,NA,NA,NA,NA,9,280,100
"Formation","J9 - AJA",3,"BENYAHYA ANASS","DEF AXE",93,112,10444,30.7,NA,NA,NA,NA,6,382,151
"Formation","J9 - AJA",4,"DIABY MALICK ABDOUL","DEF AXE",93,110,10266,30.5,NA,NA,NA,NA,6,360,144
"Formation","J9 - AJA",5,"DIALLO BOUBACAR","DEF LAT",67,108,7227,31.1,NA,NA,NA,NA,7,194,108
"Formation","J9 - AJA",6,"AKA YLAN","MIL DEF",93,138,12813,30.9,NA,NA,NA,NA,6,486,201
"Formation","J9 - AJA",7,"FORNELLI MEHDI","MIL REL",93,142,13162,30.1,NA,NA,NA,NA,8,649,262
"Formation","J9 - AJA",8,"MARTINEZ ALESSIO","MIL REL",67,132,8850,31.2,NA,NA,NA,NA,6,302,111
"Formation","J9 - AJA",9,"WINSTERSHEIM KELVIN","MIL EXC",93,132,12267,30.2,NA,NA,NA,NA,16,605,221
"Formation","J9 - AJA",10,"YANSANE JALLAL","ATT",60,132,7901,33.6,NA,NA,NA,NA,16,303,133
"Formation","J9 - AJA",11,"ROMBOGOUERA FLORIAN","MIL EXC",93,111,10297,32,NA,NA,NA,NA,23,695,217
"Formation","J9 - AJA",12,"DONG TYRIS","ATT",33,112,3682,27.6,NA,NA,NA,NA,1,167,59
"Formation","J9 - AJA",13,"MAHAMAT-BINDI FAÏSS","MIL REL",26,147,3827,27.2,NA,NA,NA,NA,3,175,82
"Formation","J9 - AJA",14,"PULERI LUIS","DEF LAT",26,134,3484,29.7,NA,NA,NA,NA,5,142,65
"Formation","J9 - AJA",15,"N'TAZAMBI LUCAS","DEF AXE",19,128,2424,29.3,NA,NA,NA,NA,2,130,44
"Formation","J9 - AJA",16,"MARSIN ANTONIN","MIL REL",0,NA,NA,NA,NA,NA,NA,NA,NA,NA,NA
"Formation","J10 - FEURS",1,"KETTERLE ENZO","GB",96,NA,NA,NA,NA,NA,NA,NA,NA,NA,NA
"Formation","J10 - FEURS",2,"DJADJA BRAYAN","DEF LAT",96,98,9448,31.6,NA,NA,NA,NA,8,301,130
"Formation","J10 - FEURS",3,"BENYAHYA ANASS","DEF AXE",96,96,9187,30.2,NA,NA,NA,NA,4,326,122
"Formation","J10 - FEURS",4,"DIABY MALICK ABDOUL","DEF AXE",96,94,8981,29.5,NA,NA,NA,NA,2,334,104
"Formation","J10 - FEURS",5,"AKA YLAN","DEF LAT",96,111,10641,30.7,NA,NA,NA,NA,8,471,182
"Formation","J10 - FEURS",6,"TREMBLAY LÉO","MIL DEF",96,119,11468,27.2,NA,NA,NA,NA,3,427,152
"Formation","J10 - FEURS",7,"DUPONT LORIS","MIL REL",79,122,9614,26.4,NA,NA,NA,NA,3,241,113
"Formation","J10 - FEURS",8,"MARTINEZ ALESSIO","MIL REL",96,104,10031,30.3,NA,NA,NA,NA,8,449,142
"Formation","J10 - FEURS",9,"WINSTERSHEIM KELVIN","MIL EXC",88,115,10143,30.3,NA,NA,NA,NA,8,382,152
"Formation","J10 - FEURS",10,"DONG TYRIS","ATT",96,101,9700,29.6,NA,NA,NA,NA,6,319,105
"Formation","J10 - FEURS",11,"ROMBOGOUERA FLORIAN","MIL EXC",65,97,6333,32.7,NA,NA,NA,NA,11,324,118
"Formation","J10 - FEURS",12,"FORNELLI MEHDI","MIL EXC",31,108,3338,27.4,NA,NA,NA,NA,2,202,70
"Formation","J10 - FEURS",13,"MARSIN ANTONIN","MIL REL",17,136,2320,24.4,NA,NA,NA,NA,0,80,38
"Formation","J10 - FEURS",14,"YANSANE JALLAL","ATT",8,133,1060,25.9,NA,NA,NA,NA,0,44,16
"Formation","J10 - FEURS",15,"CHIDI EMMANUEL","DEF AXE",0,NA,NA,NA,NA,NA,NA,NA,NA,NA,NA
"Formation","J10 - FEURS",16,"N'TAZAMBI LUCAS","DEF AXE",0,NA,NA,NA,NA,NA,NA,NA,NA,NA,NA
"Formation","J11 - ROMORANTIN",1,"KETTERLE ENZO","GB",94,NA,NA,NA,NA,NA,NA,NA,NA,NA,NA
"Formation","J11 - ROMORANTIN",2,"DJADJA BRAYAN","DEF LAT",85,119,10157,32.7,NA,NA,NA,NA,16,418,136
"Formation","J11 - ROMORANTIN",3,"BENYAHYA ANASS","DEF AXE",94,112,10548,32.9,NA,NA,NA,NA,9,429,143
"Formation","J11 - ROMORANTIN",4,"DIABY MALICK ABDOUL","DEF AXE",94,114,10695,29.6,NA,NA,NA,NA,7,419,142
"Formation","J11 - ROMORANTIN",5,"AKA YLAN","DEF LAT",94,113,10637,32.2,NA,NA,NA,NA,9,537,182
"Formation","J11 - ROMORANTIN",6,"TREMBLAY LÉO","MIL DEF",94,141,13266,30.4,NA,NA,NA,NA,5,478,226
"Formation","J11 - ROMORANTIN",7,"FORNELLI MEHDI","MIL REL",75,137,10263,26,NA,NA,NA,NA,1,527,221
"Formation","J11 - ROMORANTIN",8,"MARTINEZ ALESSIO","MIL REL",75,125,9368,29.6,NA,NA,NA,NA,8,356,134
"Formation","J11 - ROMORANTIN",9,"WINSTERSHEIM KELVIN","MIL EXC",94,124,11681,31.6,NA,NA,NA,NA,21,432,187
"Formation","J11 - ROMORANTIN",10,"YANSANE JALLAL","ATT",63,124,7834,32.6,NA,NA,NA,NA,12,355,130
"Formation","J11 - ROMORANTIN",11,"ROMBOGOUERA FLORIAN","MIL EXC",63,102,6396,33.9,NA,NA,NA,NA,16,407,134
"Formation","J11 - ROMORANTIN",12,"MAHAMAT-BINDI FAÏSS","MIL REL",31,144,4468,30.1,NA,NA,NA,NA,3,165,78
"Formation","J11 - ROMORANTIN",13,"RIVIERE ENZO","ATT",31,121,3746,28.3,NA,NA,NA,NA,5,155,76
"Formation","J11 - ROMORANTIN",14,"SOULE CHAMS","MIL EXC",19,122,2310,30.3,NA,NA,NA,NA,4,147,40
"Formation","J11 - ROMORANTIN",15,"MARSIN ANTONIN","MIL REL",19,156,2956,30.1,NA,NA,NA,NA,4,138,68
"Formation","J11 - ROMORANTIN",16,"N'TAZAMBI LUCAS","DEF AXE",9,136,1227,21.6,NA,NA,NA,NA,0,51,18
"Formation","J12 - VIERZON",1,"MONTFORT LENNY","GB",96,NA,NA,NA,NA,NA,NA,NA,NA,NA,NA
"Formation","J12 - VIERZON",2,"DJADJA BRAYAN","DEF LAT",96,108,10397,32,NA,NA,NA,NA,14,369,146
"Formation","J12 - VIERZON",3,"BENYAHYA ANASS","DEF AXE",96,108,10351,30.3,NA,NA,NA,NA,5,351,114
"Formation","J12 - VIERZON",4,"DIABY MALICK ABDOUL","DEF AXE",96,101,9722,27.5,NA,NA,NA,NA,3,243,86
"Formation","J12 - VIERZON",5,"DIALLO BOUBACAR","DEF LAT",96,105,10128,31.4,NA,NA,NA,NA,10,420,147
"Formation","J12 - VIERZON",6,"TREMBLAY LÉO","MIL DEF",96,133,12781,28.4,NA,NA,NA,NA,3,402,172
"Formation","J12 - VIERZON",7,"DUPONT LORIS","MIL REL",96,131,12574,26.6,NA,NA,NA,NA,3,407,186
"Formation","J12 - VIERZON",8,"MARTINEZ ALESSIO","MIL REL",86,126,10832,28.6,NA,NA,NA,NA,8,287,124
"Formation","J12 - VIERZON",9,"WINSTERSHEIM KELVIN","MIL EXC",86,130,11144,30.5,NA,NA,NA,NA,16,451,234
"Formation","J12 - VIERZON",10,"YANSANE JALLAL","ATT",96,120,11529,33.7,NA,NA,NA,NA,17,445,161
"Formation","J12 - VIERZON",11,"ROMBOGOUERA FLORIAN","MIL EXC",58,110,6356,33.3,NA,NA,NA,NA,16,424,136
"Formation","J12 - VIERZON",12,"SOULE CHAMS","MIL EXC",38,116,4412,30.3,NA,NA,NA,NA,3,263,80
"Formation","J12 - VIERZON",13,"MAHAMAT-BINDI FAÏSS","MIL OFF",10,161,1614,26.4,NA,NA,NA,NA,1,68,39
"Formation","J12 - VIERZON",14,"MARSIN ANTONIN","MIL REL",10,142,1420,29.2,NA,NA,NA,NA,1,96,64
"Formation","J12 - VIERZON",15,"FERNANDES LUCAS","DEF LAT",0,NA,NA,NA,NA,NA,NA,NA,NA,NA,NA
"Formation","J12 - VIERZON",16,"N'TAZAMBI LUCAS","DEF AXE",0,NA,NA,NA,NA,NA,NA,NA,NA,NA,NA
"Formation","J13 - CHAMALIÈRES",1,"KETTERLE ENZO","GB",96,NA,NA,NA,NA,NA,NA,NA,NA,NA,NA
"Formation","J13 - CHAMALIÈRES",2,"MOCO ZORAN","DEF LAT",61,118,7184,38.1,NA,NA,NA,NA,6,252,127
"Formation","J13 - CHAMALIÈRES",3,"OBONGO CÉSAR","DEF AXE",82,114,9354,32.5,NA,NA,NA,NA,10,435,135
"Formation","J13 - CHAMALIÈRES",4,"BENYAYHA ANASS","DEF AXE",96,106,10159,32.1,NA,NA,NA,NA,16,462,147
"Formation","J13 - CHAMALIÈRES",5,"DIALLO BOUBACAR","DEF LAT",96,108,10325,32.1,NA,NA,NA,NA,15,466,187
"Formation","J13 - CHAMALIÈRES",6,"TREMBLAY LÉO","MIL DEF",82,130,10633,29.9,NA,NA,NA,NA,5,430,157
"Formation","J13 - CHAMALIÈRES",7,"AKA YLAN","MIL REL",73,132,9661,31.5,NA,NA,NA,NA,9,382,166
"Formation","J13 - CHAMALIÈRES",8,"DUPONT LORIS","MIL REL",96,124,11933,28.7,NA,NA,NA,NA,10,438,171
"Formation","J13 - CHAMALIÈRES",9,"MARTINEZ ALESSIO","MIL OFF",96,119,11384,28.2,NA,NA,NA,NA,7,312,112
"Formation","J13 - CHAMALIÈRES",10,"ROMBOGOUERA FLORIAN","ATT",96,104,9939,33.9,NA,NA,NA,NA,26,668,219
"Formation","J13 - CHAMALIÈRES",11,"YANSANE JALLAL","ATT",73,120,8783,32.2,NA,NA,NA,NA,15,401,118
"Formation","J13 - CHAMALIÈRES",12,"N'TAZAMBI LUCAS","DEF AXE",35,99,3455,26.7,NA,NA,NA,NA,1,161,57
"Formation","J13 - CHAMALIÈRES",13,"MAHAMAT-BINDI FAÏSS","MIL REL",23,147,3384,26.2,NA,NA,NA,NA,2,137,63
"Formation","J13 - CHAMALIÈRES",14,"WINSTERSHEIM KELVIN","ATT",23,129,2960,31.4,NA,NA,NA,NA,2,105,55
"Formation","J13 - CHAMALIÈRES",15,"MARSIN ANTONIN","MIL REL",14,78,1088,21.7,NA,NA,NA,NA,0,92,42
"Formation","J13 - CHAMALIÈRES",16,"FERNANDES LUCAS","DEF LAT",14,129,1804,28.6,NA,NA,NA,NA,2,115,26
"Formation","J14 - MOULINS",1,"KETTERLE ENZO","GB",94,NA,NA,NA,NA,NA,NA,NA,NA,NA,NA
"Formation","J14 - MOULINS",2,"OBONGO CÉSAR","DEF LAT",94,111,10399,30.8,NA,NA,NA,NA,16,478,166
"Formation","J14 - MOULINS",3,"DJADJA BRAYAN","DEF AXE",94,99,9341,28.9,NA,NA,NA,NA,5,356,115
"Formation","J14 - MOULINS",4,"BENYAHYA ANASS","DEF AXE",94,113,10632,31.2,NA,NA,NA,NA,7,447,144
"Formation","J14 - MOULINS",5,"DIALLO BOUBACAR","DEF LAT",88,108,9491,31.7,NA,NA,NA,NA,12,426,153
"Formation","J14 - MOULINS",6,"TREMBLAY LÉO","MIL DEF",94,133,12481,27.9,NA,NA,NA,NA,4,414,135
"Formation","J14 - MOULINS",7,"VARGAR RIOS HUGO","MIL REL",62,143,8874,33.6,NA,NA,NA,NA,3,213,121
"Formation","J14 - MOULINS",8,"AKA YLAN","MIL REL",73,135,9866,29.5,NA,NA,NA,NA,5,376,131
"Formation","J14 - MOULINS",9,"DUPONT LORIS","MIL OFF",94,139,13054,30.2,NA,NA,NA,NA,6,401,168
"Formation","J14 - MOULINS",10,"ROMBOGOUERA FLORIAN","ATT",94,108,10115,33.9,NA,NA,NA,NA,27,651,223
"Formation","J14 - MOULINS",11,"YANSANE JALLAL","ATT",73,121,8860,31.7,NA,NA,NA,NA,11,384,152
"Formation","J14 - MOULINS",12,"MARSIN ANTONIN","MIL REL",32,61,1953,31.3,NA,NA,NA,NA,1,111,66
"Formation","J14 - MOULINS",13,"DONG TYRIS","ATT",21,117,2454,24.6,NA,NA,NA,NA,0,91,24
"Formation","J14 - MOULINS",14,"MIMOUNE HATEM","MIL OFF",21,137,2886,27.2,NA,NA,NA,NA,1,129,43
"Formation","J14 - MOULINS",15,"FERNANDES LUCAS","DEF LAT",6,130,777,24.1,NA,NA,NA,NA,0,37,16
"Formation","J14 - MOULINS",16,"CHIDI EMMANUEL","DEF AXE",0,NA,NA,NA,NA,NA,NA,NA,NA,NA,NA
"Formation","J15 - JURA SUD",1,"KETTERLE ENZO","GB",97,NA,NA,NA,NA,NA,NA,NA,NA,NA,NA
"Formation","J15 - JURA SUD",2,"OBONGO CÉSAR","DEF LAT",97,112,10852,31.8,NA,NA,NA,NA,19,526,188
"Formation","J15 - JURA SUD",3,"DJADJA BRAYAN","DEF AXE",97,101,9792,30.4,NA,NA,NA,NA,6,306,109
"Formation","J15 - JURA SUD",4,"BENYAHYA ANASS","DEF AXE",97,104,10098,29.3,NA,NA,NA,NA,4,365,90
"Formation","J15 - JURA SUD",5,"AKA YLAN","DEF LAT",97,107,10413,30,NA,NA,NA,NA,9,371,120
"Formation","J15 - JURA SUD",6,"TREMBLAY LÉO","MIL DEF",97,124,11987,27.8,NA,NA,NA,NA,3,477,138
"Formation","J15 - JURA SUD",7,"DUPONT LORIS","MIL REL",66,136,8955,29.1,NA,NA,NA,NA,3,258,98
"Formation","J15 - JURA SUD",8,"MAHAMAT-BINDI FAÏSS","MIL REL",97,105,10163,29.2,NA,NA,NA,NA,7,565,252
"Formation","J15 - JURA SUD",9,"MARTINEZ ALESSIO","MIL OFF",47,111,5210,31.5,NA,NA,NA,NA,5,209,63
"Formation","J15 - JURA SUD",10,"ROMBOGOUERA FLORIAN","ATT",97,106,10246,32.4,NA,NA,NA,NA,24,620,184
"Formation","J15 - JURA SUD",11,"YANSANE JALLAL","ATT",90,113,10203,32.3,NA,NA,NA,NA,19,388,156
"Formation","J15 - JURA SUD",12,"RIVIERE ENZO","MIL REL",51,111,5686,28.2,NA,NA,NA,NA,6,209,82
"Formation","J15 - JURA SUD",13,"MARSIN ANTONIN","ATT",25,118,2960,25.6,NA,NA,NA,NA,0,115,57
"Formation","J15 - JURA SUD",14,"N'TAZAMBI LUCAS","MIL OFF",8,123,985,22.1,NA,NA,NA,NA,0,42,16
"Formation","J15 - JURA SUD",15,"GAZON MAXENCE","DEF LAT",0,NA,NA,NA,NA,NA,NA,NA,NA,NA,NA
"Formation","J15 - JURA SUD",16,"MARIE ROSE YLANN","GB",0,NA,NA,NA,NA,NA,NA,NA,NA,NA,NA
"Reserve","J1 - AJA",1,"MARIE ROSE YLANN","GB",90,NA,NA,NA,NA,NA,NA,NA,NA,NA,NA
"Reserve","J1 - AJA",2,"D'ELIA LOIS","DEF LAT",90,112,10037,29.9,NA,NA,NA,NA,7,379,201
"Reserve","J1 - AJA",3,"OUAJIF NAEL","DEF AXE",90,109,9798,27.8,NA,NA,NA,NA,5,189,97
"Reserve","J1 - AJA",4,"CASSAGNE ROMAIN","DEF AXE",90,114,10222,29.9,NA,NA,NA,NA,8,422,149
"Reserve","J1 - AJA",5,"PULERI LUIS","DEF LAT",90,116,10450,32.5,NA,NA,NA,NA,11,281,126
"Reserve","J1 - AJA",6,"GAZON MAXENCE","MIL DEF",90,118,10628,29.9,NA,NA,NA,NA,10,278,129
"Reserve","J1 - AJA",7,"MAHAMAT-BINDI FAÏSS","MIL REL",90,139,12496,30.3,NA,NA,NA,NA,6,441,189
"Reserve","J1 - AJA",8,"BENOIST BAPTISTE","MIL REL",68,118,7999,27.7,NA,NA,NA,NA,8,318,157
"Reserve","J1 - AJA",9,"SOULE CHAMS","MIL EXC",68,152,10329,33.6,NA,NA,NA,NA,15,384,141
"Reserve","J1 - AJA",10,"DONG TYRIS","ATT",74,105,7790,29.3,NA,NA,NA,NA,8,284,110
"Reserve","J1 - AJA",11,"RIVIERE ENZO","MIL EXC",90,84,7555,29.2,NA,NA,NA,NA,7,401,126
"Reserve","J1 - AJA",12,"NSUMBU ROBERT","MIL REL",22,159,3492,25.3,NA,NA,NA,NA,0,173,80
"Reserve","J1 - AJA",13,"FOURLIN YOURI","MIL EXC",22,137,3020,28.3,NA,NA,NA,NA,4,128,57
"Reserve","J1 - AJA",14,"LAGNON LOIC","MIL EXC",16,166,2659,29,NA,NA,NA,NA,3,120,47
"Reserve","J1 - AJA",15,"OKOBE ANGE","DEF LAT",4,181,726,27.9,NA,NA,NA,NA,1,18,12
"Reserve","J1 - AJA",16,"ANRICH MELCHIOR","GB",0,NA,NA,NA,NA,NA,NA,NA,NA,NA,NA
"Reserve","J2 - ESTAC",1,"MARIE ROSE YLANN","GB",90,NA,NA,NA,NA,NA,NA,NA,NA,NA,NA
"Reserve","J2 - ESTAC",2,"D'ELIA LOIS","DEF LAT",58,114,6614,32.3,NA,NA,NA,NA,9,249,118
"Reserve","J2 - ESTAC",3,"OUAJIF NAEL","DEF AXE",90,97,8741,29,NA,NA,NA,NA,6,210,89
"Reserve","J2 - ESTAC",4,"CASSAGNE ROMAIN","DEF AXE",90,110,9870,29.6,NA,NA,NA,NA,9,444,139
"Reserve","J2 - ESTAC",5,"PULERI LUIS","DEF LAT",90,115,10368,32.2,NA,NA,NA,NA,16,348,149
"Reserve","J2 - ESTAC",6,"GAZON MAXENCE","MIL DEF",90,117,10531,30.3,NA,NA,NA,NA,6,239,117
"Reserve","J2 - ESTAC",7,"NSUMBU ROBERT","MIL REL",58,148,8564,28.1,NA,NA,NA,NA,7,314,213
"Reserve","J2 - ESTAC",8,"BENOIST BAPTISTE","MIL REL",90,111,9995,32.5,NA,NA,NA,NA,7,507,304
"Reserve","J2 - ESTAC",9,"SOULE CHAMS","MIL EXC",90,96,8610,30,NA,NA,NA,NA,7,361,112
"Reserve","J2 - ESTAC",10,"RIVIERE ENZO","ATT",83,111,9174,31.9,NA,NA,NA,NA,12,361,110
"Reserve","J2 - ESTAC",11,"FOURLIN YOURI","MIL EXC",58,117,6783,31.1,NA,NA,NA,NA,7,260,94
"Reserve","J2 - ESTAC",12,"DJADJA BRAYAN","MIL REL",32,109,3498,32.3,NA,NA,NA,NA,8,116,53
"Reserve","J2 - ESTAC",13,"OKOBE ANGE","MIL EXC",32,125,3998,30.4,NA,NA,NA,NA,6,206,99
"Reserve","J2 - ESTAC",14,"JEANNETTE YAD","MIL EXC",32,NA,NA,NA,NA,NA,NA,NA,NA,NA,NA
"Reserve","J2 - ESTAC",15,"BOUZAIENE JIBRIL","DEF LAT",11,158,1736,27.6,NA,NA,NA,NA,1,39,26
"Reserve","J2 - ESTAC",16,"ANRICH MELCHIOR","GB",0,NA,NA,NA,NA,NA,NA,NA,NA,NA,NA
"Reserve","J3 - FC 93",1,"MARIE ROSE YLANN","GB",90,NA,NA,NA,NA,NA,NA,NA,NA,NA,NA
"Reserve","J3 - FC 93",2,"D'ELIA LOIS","DEF LAT",90,131,11823,28.5,NA,NA,NA,NA,5,372,145
"Reserve","J3 - FC 93",3,"OUAJIF NAEL","DEF AXE",60,120,7182,29.2,NA,NA,NA,NA,3,142,46
"Reserve","J3 - FC 93",4,"CASSAGNE ROMAIN","DEF AXE",90,116,10431,27.2,NA,NA,NA,NA,4,433,134
"Reserve","J3 - FC 93",5,"PULERI LUIS","DEF LAT",90,116,10450,32.4,NA,NA,NA,NA,11,348,144
"Reserve","J3 - FC 93",6,"GAZON MAXENCE","MIL DEF",90,120,10781,31.3,NA,NA,NA,NA,5,241,72
"Reserve","J3 - FC 93",7,"NSUMBU ROBERT","MIL REL",74,146,10770,29.2,NA,NA,NA,NA,10,453,223
"Reserve","J3 - FC 93",8,"BENOIST BAPTISTE","MIL REL",90,103,9226,30.1,NA,NA,NA,NA,7,367,225
"Reserve","J3 - FC 93",9,"SOULE CHAMS","MIL EXC",90,100,9033,30.5,NA,NA,NA,NA,9,385,110
"Reserve","J3 - FC 93",10,"RIVIERE ENZO","ATT",80,117,9399,31.4,NA,NA,NA,NA,10,366,96
"Reserve","J3 - FC 93",11,"FOURLIN YOURI","MIL EXC",60,126,7558,30.1,NA,NA,NA,NA,11,291,84
"Reserve","J3 - FC 93",12,"DJADJA BRAYAN","DEF AXE",30,134,4029,29.8,NA,NA,NA,NA,3,172,47
"Reserve","J3 - FC 93",13,"BALMAIN SAIM","MIL EXC",30,140,4206,29.5,NA,NA,NA,NA,7,195,69
"Reserve","J3 - FC 93",14,"JEANNETTE YAD","MIL REL",16,0,NA,NA,NA,NA,NA,NA,NA,NA,NA
"Reserve","J3 - FC 93",15,"OKOBE ANGE","MIL EXC",10,176,1765,29.6,NA,NA,NA,NA,3,134,34
"Reserve","J3 - FC 93",16,"ANRICH MELCHIOR","GB",NA,NA,NA,NA,NA,NA,NA,NA,NA,NA,NA
"Reserve","J4 - SAINT PRIEST",1,"MARIE ROSE YLANN","GB",95,NA,NA,NA,NA,NA,NA,NA,NA,NA,NA
"Reserve","J4 - SAINT PRIEST",2,"D'ELIA LOIS","DEF LAT",62,124,7658,31.4,NA,NA,NA,NA,10,280,108
"Reserve","J4 - SAINT PRIEST",3,"DJADJA BRAYAN","DEF AXE",95,111,10543,31.8,NA,NA,NA,NA,6,301,79
"Reserve","J4 - SAINT PRIEST",4,"OUAJIF NAEL","DEF AXE",95,108,10220,31.8,NA,NA,NA,NA,7,279,99
"Reserve","J4 - SAINT PRIEST",5,"PULERI LUIS","DEF LAT",95,122,11559,32.7,NA,NA,NA,NA,15,380,139
"Reserve","J4 - SAINT PRIEST",6,"GAZON MAXENCE","MIL DEF",95,119,11290,29.9,NA,NA,NA,NA,8,311,125
"Reserve","J4 - SAINT PRIEST",7,"CASSAGNE ROMAIN","MIL DEF",62,157,9761,27.5,NA,NA,NA,NA,4,381,172
"Reserve","J4 - SAINT PRIEST",8,"BENOIST BAPTISTE","MIL EXC",80,118,9401,29,NA,NA,NA,NA,7,362,210
"Reserve","J4 - SAINT PRIEST",9,"RIVIERE ENZO","ATT",95,118,11193,32.5,NA,NA,NA,NA,18,479,150
"Reserve","J4 - SAINT PRIEST",10,"DONG TYRIS","ATT",95,114,10826,31.7,NA,NA,NA,NA,12,370,126
"Reserve","J4 - SAINT PRIEST",11,"SOULE CHAMS","MIL EXC",75,107,8051,29.9,NA,NA,NA,NA,3,319,74
"Reserve","J4 - SAINT PRIEST",12,"WOMBA APOLLINAIRE","DEF LAT",33,126,4173,32.5,NA,NA,NA,NA,7,138,58
"Reserve","J4 - SAINT PRIEST",13,"NSUMBU ROBERT","MIL REL",33,143,4717,31.1,NA,NA,NA,NA,6,235,105
"Reserve","J4 - SAINT PRIEST",14,"BALMAIN SAÏM","MIL EXC",20,128,2566,30.2,NA,NA,NA,NA,1,101,48
"Reserve","J4 - SAINT PRIEST",15,"BOUZAIENE JIBRIL","MIL REL",15,123,1849,25.3,NA,NA,NA,NA,1,70,52
"Reserve","J4 - SAINT PRIEST",16,"ANRICH MELCHIOR","GB",NA,NA,NA,NA,NA,NA,NA,NA,NA,NA,NA
"Reserve","J5 - MONTFERMEIL",1,"MARIE ROSE YLANN","GB",98,NA,NA,NA,NA,NA,NA,NA,NA,NA,NA
"Reserve","J5 - MONTFERMEIL",2,"WOMBA APOLLINAIRE","DEF LAT",84,120,10083,31,NA,NA,NA,NA,11,426,171
"Reserve","J5 - MONTFERMEIL",3,"D'ELIA LOIS","DEF AXE",48,105,5016,30.5,NA,NA,NA,NA,2,211,66
"Reserve","J5 - MONTFERMEIL",4,"OUAJIF NAEL","DEF AXE",98,116,11327,28,NA,NA,NA,NA,3,388,100
"Reserve","J5 - MONTFERMEIL",5,"PULERI LUIS","DEF LAT",98,119,11629,31.8,NA,NA,NA,NA,13,390,137
"Reserve","J5 - MONTFERMEIL",6,"GAZON MAXENCE","MIL DEF",98,123,12094,30.1,NA,NA,NA,NA,7,361,128
"Reserve","J5 - MONTFERMEIL",7,"CASSAGNE ROMAIN","MIL REL",98,124,12154,28.3,NA,NA,NA,NA,5,581,174
"Reserve","J5 - MONTFERMEIL",8,"NSUMBU ROBERT","MIL REL",64,140,8953,31.7,NA,NA,NA,NA,7,535,230
"Reserve","J5 - MONTFERMEIL",9,"SOULE CHAMS","MIL EXC",98,99,9681,30.8,NA,NA,NA,NA,6,440,121
"Reserve","J5 - MONTFERMEIL",10,"RIVIERE ENZO","ATT",64,124,7927,30.5,NA,NA,NA,NA,7,340,125
"Reserve","J5 - MONTFERMEIL",11,"BENOIST BAPTISTE","MIL EXC",98,113,11067,27.2,NA,NA,NA,NA,4,402,214
"Reserve","J5 - MONTFERMEIL",12,"JEANNETTE YAD","MIL REL",50,133,6636,29.8,NA,NA,NA,NA,6,253,81
"Reserve","J5 - MONTFERMEIL",13,"CEDILLE WARREN","ATT",34,95,3241,29.5,NA,NA,NA,NA,4,113,46
"Reserve","J5 - MONTFERMEIL",14,"BALMAIN SAIM","MIL EXC",34,123,4168,28.4,NA,NA,NA,NA,2,161,53
"Reserve","J5 - MONTFERMEIL",15,"OKOBE ANGE","DEF LAT",14,112,1572,31.3,NA,NA,NA,NA,3,53,43
"Reserve","J5 - MONTFERMEIL",16,"ANRICH MELCHIOR","GB",0,NA,NA,NA,NA,NA,NA,NA,NA,NA,NA
"Reserve","J6 - STRASBOURG",1,"MARIE ROSE YLANN","GB",96,NA,NA,NA,NA,NA,NA,NA,NA,NA,NA
"Reserve","J6 - STRASBOURG",2,"WOMBA APOLLINAIRE","DEF LAT",96,104,10011,31.9,NA,NA,NA,NA,17,480,175
"Reserve","J6 - STRASBOURG",3,"DJADJA BRAYAN","DEF AXE",96,98,9407,30.8,NA,NA,NA,NA,4,302,87
"Reserve","J6 - STRASBOURG",4,"D'ELIA LOIS","DEF AXE",96,99,9484,26.8,NA,NA,NA,NA,2,328,93
"Reserve","J6 - STRASBOURG",5,"PULERI LUIS","DEF LAT",96,104,10010,31.4,NA,NA,NA,NA,12,301,104
"Reserve","J6 - STRASBOURG",6,"GAZON MAXENCE","MIL DEF",96,107,10247,29.5,NA,NA,NA,NA,5,316,135
"Reserve","J6 - STRASBOURG",7,"CASSAGNE ROMAIN","MIL DEF",66,139,9198,28.2,NA,NA,NA,NA,4,433,164
"Reserve","J6 - STRASBOURG",8,"SOULE CHAMS","MIL EXC",86,94,8106,29.1,NA,NA,NA,NA,5,405,126
"Reserve","J6 - STRASBOURG",9,"RIVIERE ENZO","ATT",96,110,10601,32,NA,NA,NA,NA,15,484,159
"Reserve","J6 - STRASBOURG",10,"BENOIST BAPTISTE","MIL OFF",66,96,6311,27.7,NA,NA,NA,NA,1,238,134
"Reserve","J6 - STRASBOURG",11,"DONG TYRIS","MIL EXC",96,96,9213,29.1,NA,NA,NA,NA,8,342,113
"Reserve","J6 - STRASBOURG",12,"NSUMBU ROBERT","MIL REL",30,128,3831,29.7,NA,NA,NA,NA,4,212,112
"Reserve","J6 - STRASBOURG",13,"BALMAIN SAIM","MIL EXC",30,120,3605,28.1,NA,NA,NA,NA,4,146,54
"Reserve","J6 - STRASBOURG",14,"OKOBE ANGE","MIL EXC",10,161,1611,29.1,NA,NA,NA,NA,4,106,39
"Reserve","J6 - STRASBOURG",15,"JEANNETTE YAD","MIL REL",0,NA,NA,NA,NA,NA,NA,NA,NA,NA,NA
"Reserve","J6 - STRASBOURG",16,"ANRICH MELCHIOR","GB",0,NA,NA,NA,NA,NA,NA,NA,NA,NA,NA
"Reserve","J7 - OL",1,"MARIE ROSE YLANN","GB",96,NA,NA,NA,NA,NA,NA,NA,NA,NA,NA
"Reserve","J7 - OL",2,"WOMBA APOLLINAIRE","DEF LAT",96,100,9590,30.9,NA,NA,NA,NA,2,637,357
"Reserve","J7 - OL",3,"CASSAGNE ROMAIN","DEF AXE",96,109,10498,28.6,NA,NA,NA,NA,4,528,166
"Reserve","J7 - OL",4,"D'ELIA LOÏS","DEF AXE",96,114,10935,30.8,NA,NA,NA,NA,7,470,178
"Reserve","J7 - OL",5,"PULERI LUIS","DEF LAT",96,110,10523,33.9,NA,NA,NA,NA,15,458,169
"Reserve","J7 - OL",6,"GAZON MAXENCE","MIL DEF",96,112,10799,28.9,NA,NA,NA,NA,4,334,128
"Reserve","J7 - OL",7,"NSUMBU ROBERT","MIL DEF",87,126,10990,32.3,NA,NA,NA,NA,13,626,281
"Reserve","J7 - OL",8,"BENOIST BAPTISTE","MIL EXC",80,105,8388,30.9,NA,NA,NA,NA,7,451,269
"Reserve","J7 - OL",9,"SOULE CHAMS","ATT",80,102,8122,31.4,NA,NA,NA,NA,11,406,123
"Reserve","J7 - OL",10,"RIVIERE ENZO","MIL OFF",96,105,10085,32.3,NA,NA,NA,NA,20,515,156
"Reserve","J7 - OL",11,"DONG TYRIS","MIL EXC",80,91,7284,33.6,NA,NA,NA,NA,10,282,92
"Reserve","J7 - OL",12,"BOUZAIENE JIBRIL","MIL REL",17,159,2697,24.3,NA,NA,NA,NA,0,75,46
"Reserve","J7 - OL",13,"BALMAIN SAÏM","MIL EXC",17,123,2098,31.2,NA,NA,NA,NA,2,102,32
"Reserve","J7 - OL",14,"CEDILLE WARREN","MIL EXC",17,91,1542,30.5,NA,NA,NA,NA,3,75,22
"Reserve","J7 - OL",15,"JEANNETTE YAD","MIL REL",10,132,1319,30.2,NA,NA,NA,NA,1,59,19
"Reserve","J7 - OL",16,"ANRICH MELCHIOR","GB",0,NA,NA,NA,NA,NA,NA,NA,NA,NA,NA
"Reserve","J8 - CLERMONT",1,"MARIE ROSE YLANN","GB",98,NA,NA,NA,NA,NA,NA,NA,NA,NA,NA
"Reserve","J8 - CLERMONT",2,"D'ELIA LOIS","DEF LAT",98,108,10597,30.8,NA,NA,NA,NA,12,412,151
"Reserve","J8 - CLERMONT",3,"CASSAGNE ROMAIN","DEF AXE",98,104,10180,27.9,NA,NA,NA,NA,5,405,132
"Reserve","J8 - CLERMONT",4,"OUAJIF NAEL","DEF AXE",98,93,9136,27.9,NA,NA,NA,NA,8,273,103
"Reserve","J8 - CLERMONT",5,"PULERI LUIS","DEF LAT",98,108,10625,32.3,NA,NA,NA,NA,22,400,140
"Reserve","J8 - CLERMONT",6,"GAZON MAXENCE","MIL DEF",98,110,10798,28.1,NA,NA,NA,NA,2,289,110
"Reserve","J8 - CLERMONT",7,"NSUMBU ROBERT","MIL DEF",36,119,4296,29.1,NA,NA,NA,NA,2,221,115
"Reserve","J8 - CLERMONT",8,"BENOIST BAPTISTE","MIL EXC",78,123,9631,32.3,NA,NA,NA,NA,3,275,111
"Reserve","J8 - CLERMONT",9,"SOULE CHAMS","ATT",98,89,8716,31.3,NA,NA,NA,NA,9,361,112
"Reserve","J8 - CLERMONT",10,"RIVIERE ENZO","MIL OFF",98,106,10427,32.4,NA,NA,NA,NA,15,438,157
"Reserve","J8 - CLERMONT",11,"CEDILLE WARREN","MIL EXC",78,98,7619,31.8,NA,NA,NA,NA,5,306,111
"Reserve","J8 - CLERMONT",12,"BALMAIN SAIM","MIL REL",62,92,5731,32,NA,NA,NA,NA,3,247,81
"Reserve","J8 - CLERMONT",13,"OKOBE ANGE","MIL EXC",20,NA,NA,NA,NA,NA,NA,NA,NA,NA,NA
"Reserve","J8 - CLERMONT",14,"JEANNETTE YAD","MIL EXC",20,NA,NA,NA,NA,NA,NA,NA,NA,NA,NA
"Reserve","J8 - CLERMONT",15,NA,NA,NA,NA,NA,NA,NA,NA,NA,NA,NA,NA,NA
"Reserve","J8 - CLERMONT",16,"ANRICH MELCHIOR","GB",0,NA,NA,NA,NA,NA,NA,NA,NA,NA,NA
"Reserve","J9 - METZ",1,"MARIE ROSE YLANN","GB",98,NA,NA,NA,NA,NA,NA,NA,NA,NA,NA
"Reserve","J9 - METZ",2,"D'ELIA LOIS","DEF LAT",98,117,11418,31.2,NA,NA,NA,NA,18,455,163
"Reserve","J9 - METZ",3,"DJADJA BRAYAN","DEF AXE",98,108,10597,33.1,NA,NA,NA,NA,8,316,116
"Reserve","J9 - METZ",4,"CASSAGNE ROMAIN","DEF AXE",98,106,10405,29.6,NA,NA,NA,NA,7,398,149
"Reserve","J9 - METZ",5,"OKOBE ANGE","DEF LAT",98,104,10213,33.1,NA,NA,NA,NA,18,433,196
"Reserve","J9 - METZ",6,"GAZON MAXENCE","MIL DEF",98,115,11258,30.2,NA,NA,NA,NA,10,294,106
"Reserve","J9 - METZ",7,"BENOIST BAPTISTE","MIL REL",82,125,10284,29,NA,NA,NA,NA,7,409,138
"Reserve","J9 - METZ",8,"CEDILLE WARREN","MIL REL",73,109,7988,28.4,NA,NA,NA,NA,6,243,90
"Reserve","J9 - METZ",9,"SOULE CHAMS","MIL EXC",98,101,9901,33.1,NA,NA,NA,NA,10,451,145
"Reserve","J9 - METZ",10,"RIVIERE ENZO","ATT",48,119,5718,29.4,NA,NA,NA,NA,8,204,71
"Reserve","J9 - METZ",11,"DONG TYRIS","MIL EXC",82,104,8517,31.1,NA,NA,NA,NA,12,369,116
"Reserve","J9 - METZ",12,"BALMAIN SAIM","MIL EXC",50,123,6147,28,NA,NA,NA,NA,6,242,100
"Reserve","J9 - METZ",13,"BOUZAIENE JIBRIL","MIL REL",25,161,4034,27,NA,NA,NA,NA,1,111,78
"Reserve","J9 - METZ",14,"OUAJIF NAEL","MIL DEF",16,153,2447,27.7,NA,NA,NA,NA,3,92,43
"Reserve","J9 - METZ",15,"JEANNETTE YAD","MIL REL",16,169,2699,30.6,NA,NA,NA,NA,2,80,44
"Reserve","J9 - METZ",16,"ANRICH MELCHIOR","GB",0,NA,NA,NA,NA,NA,NA,NA,NA,NA,NA
"Reserve","J10 - ASPTT DIJON ",1,"ANRICH MELCHIOR","GB",96,NA,NA,NA,NA,NA,NA,NA,NA,NA,NA
"Reserve","J10 - ASPTT DIJON ",2,"WOMBA APOLLINAIRE","DEF LAT",96,110,10558,31,NA,NA,NA,NA,16,576,193
"Reserve","J10 - ASPTT DIJON ",3,"JEANNETTE YAD","DEF AXE",82,111,9096,29,NA,NA,NA,NA,7,328,124
"Reserve","J10 - ASPTT DIJON ",4,"D'ELIA LOIS","DEF AXE",96,109,10466,30,NA,NA,NA,NA,8,408,142
"Reserve","J10 - ASPTT DIJON ",5,"PULERI LUIS","DEF LAT",96,105,10101,33,NA,NA,NA,NA,7,377,141
"Reserve","J10 - ASPTT DIJON ",6,"GAZON MAXENCE","MIL DEF",96,108,10341,29,NA,NA,NA,NA,2,299,108
"Reserve","J10 - ASPTT DIJON ",7,"BENOIST BAPTISTE","MIL DEF",88,91,8010,28,NA,NA,NA,NA,6,366,107
"Reserve","J10 - ASPTT DIJON ",8,"BALMAIN SAIM","MIL EXC",70,133,9338,27,NA,NA,NA,NA,7,416,144
"Reserve","J10 - ASPTT DIJON ",9,"RIVIERE ENZO","ATT",70,118,8245,32,NA,NA,NA,NA,11,413,117
"Reserve","J10 - ASPTT DIJON ",10,"DONG TYRIS","MIL OFF",96,96,9242,32,NA,NA,NA,NA,8,368,112
"Reserve","J10 - ASPTT DIJON ",11,"SOULE CHAMS","MIL EXC",82,98,8073,31,NA,NA,NA,NA,11,343,91
"Reserve","J10 - ASPTT DIJON ",12,"CEDILLE WAREN","ATT",26,98,2537,29,NA,NA,NA,NA,1,70,34
"Reserve","J10 - ASPTT DIJON ",13,"MAHAMAT-BINDI FAÏSS","MIL REL",26,129,3342,27,NA,NA,NA,NA,3,159,63
"Reserve","J10 - ASPTT DIJON ",14,"DIJOUX BAPTISTE","DEF AXE",14,NA,NA,NA,NA,NA,NA,NA,NA,NA,NA
"Reserve","J10 - ASPTT DIJON ",15,"OKOBE ANGE","MIL EXC",8,NA,NA,NA,NA,NA,NA,NA,NA,NA,NA
"Reserve","J10 - ASPTT DIJON ",16,"MERIEUX ANCELIN","GB",0,NA,NA,NA,NA,NA,NA,NA,NA,NA,NA
"Reserve","J11 - REIMS",1,"ANRICH MELCHIOR","GB",96,NA,NA,NA,NA,NA,NA,NA,NA,NA,NA
"Reserve","J11 - REIMS",2,"WOMBA APOLLINAIRE","DEF LAT",96,97,9339,31.3,NA,NA,NA,NA,16,529,235
"Reserve","J11 - REIMS",3,"CASSAGNE ROMAIN","DEF AXE",96,100,9626,30.5,NA,NA,NA,NA,4,401,108
"Reserve","J11 - REIMS",4,"DJADJA BRAYAN","DEF AXE",96,104,9974,34.1,NA,NA,NA,NA,7,346,91
"Reserve","J11 - REIMS",5,"PULERI LUIS","DEF LAT",96,110,10604,33.2,NA,NA,NA,NA,25,414,159
"Reserve","J11 - REIMS",6,"GAZON MAXENCE","MIL DEF",96,112,10735,29.3,NA,NA,NA,NA,7,260,110
"Reserve","J11 - REIMS",7,"MAHAMAT-BINDI FAÏSS","MIL REL",96,130,12432,30.1,NA,NA,NA,NA,11,508,225
"Reserve","J11 - REIMS",8,"BALMAIN SAIM","MIL REL",73,129,9424,26.7,NA,NA,NA,NA,4,380,169
"Reserve","J11 - REIMS",9,"BENOIST BAPTISTE","MIL OFF",80,126,10098,27.2,NA,NA,NA,NA,5,374,131
"Reserve","J11 - REIMS",10,"DONG TYRIS","ATT",80,99,7926,32.1,NA,NA,NA,NA,11,308,85
"Reserve","J11 - REIMS",11,"RIVIERE ENZO","ATT",96,111,10672,32.1,NA,NA,NA,NA,13,543,192
"Reserve","J11 - REIMS",12,"BOUZAIENE JIBRIL","MIL REL",23,136,3118,26.9,NA,NA,NA,NA,6,131,96
"Reserve","J11 - REIMS",13,"CEDILLE WARREN","ATT",16,131,2094,28.1,NA,NA,NA,NA,4,163,62
"Reserve","J11 - REIMS",14,"SOULE CHAMS","ATT",16,124,1991,28.7,NA,NA,NA,NA,3,138,47
"Reserve","J11 - REIMS",15,"D'ELIA LOIS","DEF LAT",0,NA,NA,NA,NA,NA,NA,NA,NA,NA,NA
"Reserve","J11 - REIMS",16,"MERIEUX ANCELIN","GB",0,NA,NA,NA,NA,NA,NA,NA,NA,NA,NA
"Reserve","J12 - SOCHAUX",1,"ANRICH MELCHIOR","GB",95,NA,NA,NA,NA,NA,NA,NA,NA,NA,NA
"Reserve","J12 - SOCHAUX",2,"WOMBA APOLLINAIRE","DEF LAT",95,129,12231,32.8,NA,NA,NA,NA,10,590,237
"Reserve","J12 - SOCHAUX",3,"CASSAGNE ROMAIN","DEF AXE",95,125,11879,29.2,NA,NA,NA,NA,5,444,165
"Reserve","J12 - SOCHAUX",4,"DJADJA BRAYAN","DEF AXE",95,119,11287,29,NA,NA,NA,NA,8,392,146
"Reserve","J12 - SOCHAUX",5,"PULERI LUIS","DEF LAT",95,129,12277,31.3,NA,NA,NA,NA,17,490,190
"Reserve","J12 - SOCHAUX",6,"JEANNETTE YAD","MIL DEF",92,138,12679,30.5,NA,NA,NA,NA,9,435,141
"Reserve","J12 - SOCHAUX",7,"MAHAMAT BINDI FAÏSS","MIL REL",95,148,14016,28,NA,NA,NA,NA,2,487,198
"Reserve","J12 - SOCHAUX",8,"BENOIST BAPTISTE","MIL REL",67,153,10230,29.6,NA,NA,NA,NA,3,313,134
"Reserve","J12 - SOCHAUX",9,"SOULE CHAMS","MIL EXC",78,119,9269,31.7,NA,NA,NA,NA,6,392,139
"Reserve","J12 - SOCHAUX",10,"DONG TYRIS","ATT",95,112,10615,29.3,NA,NA,NA,NA,7,369,130
"Reserve","J12 - SOCHAUX",11,"RIVIERE ENZO","MIL EXC",78,130,10169,31.5,NA,NA,NA,NA,9,417,162
"Reserve","J12 - SOCHAUX",12,"BALMAIN SAIM","MIL REL",28,139,3893,27.4,NA,NA,NA,NA,5,220,75
"Reserve","J12 - SOCHAUX",13,"BOUZAIENE JIBRIL","MIL REL",17,NA,NA,NA,NA,NA,NA,NA,NA,NA,NA
"Reserve","J12 - SOCHAUX",14,"CEDILLE WARREN","MIL EXC",17,126,2136,26,NA,NA,NA,NA,1,73,27
"Reserve","J12 - SOCHAUX",15,"OKOBE ANGE","MIL EXC",4,179,714,28.8,NA,NA,NA,NA,3,28,13
"Reserve","J12 - SOCHAUX",16,"MERIEUX ANCELIN","GB",0,NA,NA,NA,NA,NA,NA,NA,NA,NA,NA
"Reserve","J13 - SCHILTIGHEIM",1,"ANRICH MELCHIOR","GB",96,NA,NA,NA,NA,NA,NA,NA,NA,NA,NA
"Reserve","J13 - SCHILTIGHEIM",2,"WOMBA APOLLINAIRE","DEF LAT",96,113,10877,34.7,NA,NA,NA,NA,11,540,231
"Reserve","J13 - SCHILTIGHEIM",3,"CASSAGNE ROMAIN","DEF AXE",96,121,11612,30.5,NA,NA,NA,NA,2,429,137
"Reserve","J13 - SCHILTIGHEIM",4,"D'ELIA LOIS","DEF AXE",96,116,11125,31.4,NA,NA,NA,NA,6,316,120
"Reserve","J13 - SCHILTIGHEIM",5,"PULERI LUIS","DEF LAT",71,131,9332,29.7,NA,NA,NA,NA,16,395,129
"Reserve","J13 - SCHILTIGHEIM",6,"GAZON MAXENCE","MIL DEF",96,117,11191,28,NA,NA,NA,NA,5,327,122
"Reserve","J13 - SCHILTIGHEIM",7,"JEANNETTE YAD","MIL REL",96,137,13159,29.4,NA,NA,NA,NA,3,421,150
"Reserve","J13 - SCHILTIGHEIM",8,"MAHAMAT BINDI FAÏSS","MIL REL",71,150,10670,28.3,NA,NA,NA,NA,5,386,157
"Reserve","J13 - SCHILTIGHEIM",9,"SOULE CHAMS","MIL EXC",79,114,9032,30.8,NA,NA,NA,NA,8,505,164
"Reserve","J13 - SCHILTIGHEIM",10,"CEDILLE WARREN","ATT",96,116,11096,29,NA,NA,NA,NA,9,417,190
"Reserve","J13 - SCHILTIGHEIM",11,"DONG TYRIS","MIL EXC",71,117,8284,31.2,NA,NA,NA,NA,11,402,130
"Reserve","J13 - SCHILTIGHEIM",12,"BENOIST BAPTISTE","MIL REL",25,NA,NA,NA,NA,NA,NA,NA,NA,NA,NA
"Reserve","J13 - SCHILTIGHEIM",13,"BALMAIN SAIM","MIL EXC",25,NA,NA,NA,NA,NA,NA,NA,NA,NA,NA
"Reserve","J13 - SCHILTIGHEIM",14,"OKOBE ANGE","DEF LAT",25,125,3120,30.5,NA,NA,NA,NA,7,130,60
"Reserve","J13 - SCHILTIGHEIM",15,"BOUZAIENE JIBRIL","MIL REL",17,NA,NA,NA,NA,NA,NA,NA,NA,NA,NA
"Reserve","J13 - SCHILTIGHEIM",16,"HIDJA YANIS","GB",0,NA,NA,NA,NA,NA,NA,NA,NA,NA,NA
"Reserve","J14 - ESTAC",1,"MARIE ROSE YLANN","GB",97,NA,NA,NA,NA,NA,NA,NA,NA,NA,NA
"Reserve","J14 - ESTAC",2,"D'ELIA LOIS","DEF LAT",97,117,11334,30.5,NA,NA,NA,NA,17,477,200
"Reserve","J14 - ESTAC",3,"CASSAGNE ROMAIN","DEF AXE",97,115,11165,30.2,NA,NA,NA,NA,15,471,175
"Reserve","J14 - ESTAC",4,"DJADJA BRAYAN","DEF AXE",97,112,10909,31.9,NA,NA,NA,NA,16,337,132
"Reserve","J14 - ESTAC",5,"PULERI LUIS","DEF LAT",97,119,11591,33.1,NA,NA,NA,NA,23,550,211
"Reserve","J14 - ESTAC",6,"GAZON MAXENCE","MIL DEF",97,114,11015,28.6,NA,NA,NA,NA,4,336,104
"Reserve","J14 - ESTAC",7,"JEANNETTE YAD","MIL REL",92,129,11854,28.2,NA,NA,NA,NA,4,460,195
"Reserve","J14 - ESTAC",8,"MAHAMAT BINDI FAÏSS","MIL REL",82,135,11103,31.3,NA,NA,NA,NA,4,441,180
"Reserve","J14 - ESTAC",9,"RIVIERE ENZO","MIL EXC",97,117,11387,31.6,NA,NA,NA,NA,12,612,187
"Reserve","J14 - ESTAC",10,"CEDILLE WARREN","ATT",67,122,8144,30.5,NA,NA,NA,NA,4,270,93
"Reserve","J14 - ESTAC",11,"DONG TYRIS","MIL EXC",82,106,8655,29.2,NA,NA,NA,NA,8,378,111
"Reserve","J14 - ESTAC",12,"BENOIST BAPTISTE","MIL REL",30,94,2827,27.7,NA,NA,NA,NA,1,165,93
"Reserve","J14 - ESTAC",13,"SOULE CHAMS","MIL EXC",15,138,2063,26.7,NA,NA,NA,NA,1,126,33
"Reserve","J14 - ESTAC",14,"BALMAIN SAIM","MIL EXC",15,167,2506,27.3,NA,NA,NA,NA,2,108,41
"Reserve","J14 - ESTAC",15,"OKOBE ANGE","MIL EXC",5,208,1040,28.2,NA,NA,NA,NA,2,49,22
"Reserve","J14 - ESTAC",16,"ANRICH MELCHIOR","GB",0,NA,NA,NA,NA,NA,NA,NA,NA,NA,NA
"Reserve","J15 - FC93",1,"MARIE ROSE YLANN","GB",96,NA,NA,NA,NA,NA,NA,NA,NA,NA,NA
"Reserve","J15 - FC93",2,"D'ELIA LOIS","DEF LAT",96,117,11185,31.6,NA,NA,NA,NA,16,429,173
"Reserve","J15 - FC93",3,"OUAJIF NAEL","DEF AXE",96,106,10128,28.5,NA,NA,NA,NA,4,256,80
"Reserve","J15 - FC93",4,"CASSAGNE ROMAIN","DEF AXE",96,115,11010,29.9,NA,NA,NA,NA,10,418,156
"Reserve","J15 - FC93",5,"OKOBE ANGE","DEF LAT",96,121,11589,29.6,NA,NA,NA,NA,14,564,202
"Reserve","J15 - FC93",6,"GAZON MAXENCE","MIL DEF",96,115,11008,30.5,NA,NA,NA,NA,7,297,108
"Reserve","J15 - FC93",7,"MAHAMAT BINDI FAÏSS","MIL REL",96,139,13342,29.2,NA,NA,NA,NA,5,539,242
"Reserve","J15 - FC93",8,"BALMAIN SAIM","MIL REL",65,137,8882,29.2,NA,NA,NA,NA,8,414,178
"Reserve","J15 - FC93",9,"BENOIST BAPTISTE","MIL OFF",65,141,9145,29.3,NA,NA,NA,NA,6,297,121
"Reserve","J15 - FC93",10,"RIVIERE ENZO","ATT",76,114,8671,29.5,NA,NA,NA,NA,9,362,126
"Reserve","J15 - FC93",11,"SOULE CHAMS","ATT",92,108,9958,32.2,NA,NA,NA,NA,9,503,116
"Reserve","J15 - FC93",12,"BOUZAIENE JIBRIL","MIL OFF",31,128,3971,27.3,NA,NA,NA,NA,2,145,110
"Reserve","J15 - FC93",13,"JEANNETTE YAD","MIL REL",31,129,3993,29.1,NA,NA,NA,NA,4,108,57
"Reserve","J15 - FC93",14,"FOURLIN YOURI","ATT",20,NA,NA,NA,NA,NA,NA,NA,NA,NA,NA
"Reserve","J15 - FC93",15,"DIJOUX BAPTISTE","DEF LAT",4,NA,NA,NA,NA,NA,NA,NA,NA,NA,NA
"Reserve","J15 - FC93",16,"ANRICH MELCHIOR","GB",0,NA,NA,NA,NA,NA,NA,NA,NA,NA,NA
"Reserve","J16 - SAINT PRIEST",1,"MARIE ROSE YLANN","GB",97,NA,NA,NA,NA,NA,NA,NA,NA,NA,NA
"Reserve","J16 - SAINT PRIEST",2,"D'ELIA LOIS","DEF LAT",97,112,10870,32.2,NA,NA,NA,NA,11,410,179
"Reserve","J16 - SAINT PRIEST",3,"DJADJA BRAYAN","DEF AXE",97,102,9847,29.7,NA,NA,NA,NA,3,308,125
"Reserve","J16 - SAINT PRIEST",4,"OUAJIF NAEL","DEF AXE",23,103,2370,24.2,NA,NA,NA,NA,0,28,11
"Reserve","J16 - SAINT PRIEST",5,"WOMBA APOLLINAIRE","DEF LAT",64,94,6039,31.1,NA,NA,NA,NA,6,331,168
"Reserve","J16 - SAINT PRIEST",6,"GAZON MAXENCE","MIL DEF",97,108,10455,28.7,NA,NA,NA,NA,9,289,103
"Reserve","J16 - SAINT PRIEST",7,"CASSAGNE ROMAIN","MIL REL",97,112,10859,26.4,NA,NA,NA,NA,1,443,167
"Reserve","J16 - SAINT PRIEST",8,"BOUZAIENE JIBRIL","MIL REL",97,129,12538,27.2,NA,NA,NA,NA,2,303,183
"Reserve","J16 - SAINT PRIEST",9,"BALMAIN SAIM","MIL OFF",97,126,12242,28.1,NA,NA,NA,NA,3,538,188
"Reserve","J16 - SAINT PRIEST",10,"MIMOUNE HATEM","ATT",60,121,7269,27.9,NA,NA,NA,NA,5,308,99
"Reserve","J16 - SAINT PRIEST",11,"DONG TYRIS","ATT",60,103,6193,30.1,NA,NA,NA,NA,5,250,67
"Reserve","J16 - SAINT PRIEST",12,"JEANNETTE YAD","MIL REL",74,123,9111,28.2,NA,NA,NA,NA,1,379,130
"Reserve","J16 - SAINT PRIEST",13,"NSUMBU ROBERT","MIL REL",37,130,4825,28.7,NA,NA,NA,NA,7,234,119
"Reserve","J16 - SAINT PRIEST",14,"FOURLIN YOURI","ATT",37,107,3969,30.1,NA,NA,NA,NA,5,239,119
"Reserve","J16 - SAINT PRIEST",15,"OKOBE ANGE","DEF LAT",33,78,2587,26.6,NA,NA,NA,NA,1,177,91
"Reserve","J16 - SAINT PRIEST",16,"ANRICH MELCHIOR","GB",0,NA,NA,NA,NA,NA,NA,NA,NA,NA,NA
"Reserve","J17 - MONTFERMEIL",1,"MARIE ROSE YLANN","GB",97,NA,NA,NA,NA,NA,NA,NA,NA,NA,NA
"Reserve","J17 - MONTFERMEIL",2,"D'ELIA LOIS","DEF LAT",97,119,11521,29.8,NA,NA,NA,NA,14,452,200
"Reserve","J17 - MONTFERMEIL",3,"CASSAGNE ROMAIN","DEF AXE",54,116,6271,30.1,NA,NA,NA,NA,1,308,82
"Reserve","J17 - MONTFERMEIL",4,"DIJOUX BAPTISTE","DEF AXE",97,98,9486,28,NA,NA,NA,NA,2,308,105
"Reserve","J17 - MONTFERMEIL",5,"PULERI LUIS","DEF LAT",97,112,10850,33,NA,NA,NA,NA,19,484,148
"Reserve","J17 - MONTFERMEIL",6,"GAZON MAXENCE","MIL DEF",97,114,11096,28.7,NA,NA,NA,NA,5,268,112
"Reserve","J17 - MONTFERMEIL",7,"MAHAMAT BINDI FAÏSS","MIL REL",97,125,12157,30.9,NA,NA,NA,NA,9,741,363
"Reserve","J17 - MONTFERMEIL",8,"BOUZAIENE JIBRIL","MIL REL",86,130,11179,26,NA,NA,NA,NA,2,307,189
"Reserve","J17 - MONTFERMEIL",9,"BALMAIN SAIM","MIL OFF",97,136,13151,30.9,NA,NA,NA,NA,9,505,196
"Reserve","J17 - MONTFERMEIL",10,"RIVIERE ENZO","ATT",75,111,8362,29.7,NA,NA,NA,NA,3,308,104
"Reserve","J17 - MONTFERMEIL",11,"DONG TYRIS","ATT",75,101,7584,29.5,NA,NA,NA,NA,5,256,85
"Reserve","J17 - MONTFERMEIL",12,"OUAJIF NAEL","DEF AXE",43,104,4471,25.8,NA,NA,NA,NA,0,110,31
"Reserve","J17 - MONTFERMEIL",13,"SOULE CHAMS","ATT",22,120,2640,30.3,NA,NA,NA,NA,3,77,30
"Reserve","J17 - MONTFERMEIL",14,"CEDILLE WARREN","ATT",22,124,2736,29.1,NA,NA,NA,NA,4,77,42
"Reserve","J17 - MONTFERMEIL",15,"NSUMBU ROBERT","MIL REL",11,27,296,23.1,NA,NA,NA,NA,0,38,11
"Reserve","J17 - MONTFERMEIL",16,"ANRICH MELCHIOR","GB",0,NA,NA,NA,NA,NA,NA,NA,NA,NA,NA
"Reserve","J18 - STRASBOURG",1,"MARIE ROSE YLANN","GB",97,NA,NA,NA,NA,NA,NA,NA,NA,NA,NA
"Reserve","J18 - STRASBOURG",2,"D'ELIA LOIS","DEF LAT",97,118,11446,30.6,NA,NA,NA,NA,12,490,200
"Reserve","J18 - STRASBOURG",3,"OUAJIF NAEL","DEF AXE",97,98,9544,28.6,NA,NA,NA,NA,2,272,96
"Reserve","J18 - STRASBOURG",4,"DIJOUX BAPTISTE","DEF AXE",97,105,10200,25.5,NA,NA,NA,NA,1,395,121
"Reserve","J18 - STRASBOURG",5,"OKOBE ANGE","DEF LAT",97,109,10614,32.1,NA,NA,NA,NA,13,454,196
"Reserve","J18 - STRASBOURG",6,"GAZON MAXENCE","MIL DEF",97,112,10843,29.7,NA,NA,NA,NA,7,280,112
"Reserve","J18 - STRASBOURG",7,"CASSAGNE ROMAIN","MIL REL",30,148,4439,24.7,NA,NA,NA,NA,0,181,91
"Reserve","J18 - STRASBOURG",8,"NSUMBU ROBERT","MIL REL",74,129,9562,30.7,NA,NA,NA,NA,10,461,242
"Reserve","J18 - STRASBOURG",9,"SOULE CHAMS","MIL EXC",83,100,8281,31.5,NA,NA,NA,NA,13,399,128
"Reserve","J18 - STRASBOURG",10,"RIVIERE ENZO","ATT",48,124,5944,31.4,NA,NA,NA,NA,6,219,90
"Reserve","J18 - STRASBOURG",11,"DONG TYRIS","MIL EXC",97,101,9843,30.6,NA,NA,NA,NA,12,351,111
"Reserve","J18 - STRASBOURG",12,"BOUZAIENE JIBRIL","MIL REL",67,138,9259,27.1,NA,NA,NA,NA,2,244,164
"Reserve","J18 - STRASBOURG",13,"CEDILLE WARREN","ATT",49,109,5340,29,NA,NA,NA,NA,3,166,79
"Reserve","J18 - STRASBOURG",14,"MOUGAMMADOU KEZIAN","MIL REL",23,135,3112,26.9,NA,NA,NA,NA,1,172,62
"Reserve","J18 - STRASBOURG",15,"FOURLIN YOURI","MIL EXC",14,NA,NA,NA,NA,NA,NA,NA,NA,NA,NA
"Reserve","J18 - STRASBOURG",16,"ANRICH MELCHIOR","GB",0,NA,NA,NA,NA,NA,NA,NA,NA,NA,NA
